
> personal-finance-platform@0.1.0 dev
> next dev

  ▲ Next.js 14.2.35
  - Local:        http://localhost:3000

 ✓ Starting...
 ✓ Ready in 1109ms
 ○ Compiling / ...
 ✓ Compiled / in 1285ms (473 modules)
 GET / 307 in 1355ms
 ✓ Compiled in 73ms (237 modules)
 GET / 307 in 19ms
 ○ Compiling /dashboard ...
 ✓ Compiled /dashboard in 970ms (1746 modules)
 GET /dashboard 200 in 1093ms
 ✓ Compiled /documents in 114ms (1754 modules)

> personal-finance-platform@0.1.0 dev
> next dev

  ▲ Next.js 14.2.35
  - Local:        http://localhost:3000

 ✓ Starting...
 ✓ Ready in 1035ms
 ○ Compiling / ...
 ✓ Compiled / in 1250ms (473 modules)
 GET / 307 in 1324ms
 ✓ Compiled in 58ms (237 modules)
 GET / 307 in 20ms
 ○ Compiling /dashboard ...
 ✓ Compiled /dashboard in 1308ms (1746 modules)
 GET /dashboard 200 in 1403ms
 ✓ Compiled in 240ms (1752 modules)
 ✓ Compiled in 157ms (1752 modules)
 ✓ Compiled in 118ms (1738 modules)
 ✓ Compiled in 109ms (1738 modules)
 ✓ Compiled in 84ms (845 modules)
 ✓ Compiled in 83ms (845 modules)
 ✓ Compiled in 261ms (1752 modules)
 ✓ Compiled in 165ms (1752 modules)
 ✓ Compiled in 317ms (1752 modules)
 ✓ Compiled /_not-found in 161ms (1741 modules)
 GET /_next/static/css/app/layout.css?v=1778196080436 404 in 191ms
 ✓ Compiled in 144ms (1755 modules)
 ⨯ Error: Cannot find module './734.js'
Require stack:
- /Users/raos/Custom Code/personal-finance-platform/frontend/.next/server/webpack-runtime.js
- /Users/raos/Custom Code/personal-finance-platform/frontend/.next/server/app/dashboard/page.js
- /Users/raos/Custom Code/personal-finance-platform/frontend/node_modules/next/dist/server/require.js
- /Users/raos/Custom Code/personal-finance-platform/frontend/node_modules/next/dist/server/load-components.js
- /Users/raos/Custom Code/personal-finance-platform/frontend/node_modules/next/dist/build/utils.js
- /Users/raos/Custom Code/personal-finance-platform/frontend/node_modules/next/dist/server/dev/hot-middleware.js
- /Users/raos/Custom Code/personal-finance-platform/frontend/node_modules/next/dist/server/dev/hot-reloader-webpack.js
- /Users/raos/Custom Code/personal-finance-platform/frontend/node_modules/next/dist/server/lib/router-utils/setup-dev-bundler.js
- /Users/raos/Custom Code/personal-finance-platform/frontend/node_modules/next/dist/server/lib/router-server.js
- /Users/raos/Custom Code/personal-finance-platform/frontend/node_modules/next/dist/server/lib/start-server.js
    at Module._resolveFilename (node:internal/modules/cjs/loader:1475:15)
    at /Users/raos/Custom Code/personal-finance-platform/frontend/node_modules/next/dist/server/require-hook.js:55:36
    at wrapResolveFilename (node:internal/modules/cjs/loader:1048:27)
    at defaultResolveImplForCJSLoading (node:internal/modules/cjs/loader:1072:10)
    at resolveForCJSWithHooks (node:internal/modules/cjs/loader:1093:12)
    at Module._load (node:internal/modules/cjs/loader:1261:25)
    at wrapModuleLoad (node:internal/modules/cjs/loader:255:19)
    at Module.require (node:internal/modules/cjs/loader:1575:12)
    at mod.require (/Users/raos/Custom Code/personal-finance-platform/frontend/node_modules/next/dist/server/require-hook.js:65:28)
    at require (node:internal/modules/helpers:191:16)
    at __webpack_require__.f.require (/Users/raos/Custom Code/personal-finance-platform/frontend/.next/server/webpack-runtime.js:198:28)
    at /Users/raos/Custom Code/personal-finance-platform/frontend/.next/server/webpack-runtime.js:111:40
    at Array.reduce (<anonymous>)
    at __webpack_require__.e (/Users/raos/Custom Code/personal-finance-platform/frontend/.next/server/webpack-runtime.js:110:67)
    at Array.map (<anonymous>)
    at __webpack_require__.X (/Users/raos/Custom Code/personal-finance-platform/frontend/.next/server/webpack-runtime.js:162:22)
    at /Users/raos/Custom Code/personal-finance-platform/frontend/.next/server/app/_not-found/page.js:1:3361
    at Object.<anonymous> (/Users/raos/Custom Code/personal-finance-platform/frontend/.next/server/app/_not-found/page.js:1:3402)
    at Module._compile (node:internal/modules/cjs/loader:1829:14)
    at Module._extensions..js (node:internal/modules/cjs/loader:1969:10)
    at Module.load (node:internal/modules/cjs/loader:1552:32)
    at Module._load (node:internal/modules/cjs/loader:1354:12)
    at wrapModuleLoad (node:internal/modules/cjs/loader:255:19)
    at Module.require (node:internal/modules/cjs/loader:1575:12)
    at mod.require (/Users/raos/Custom Code/personal-finance-platform/frontend/node_modules/next/dist/server/require-hook.js:65:28)
    at require (node:internal/modules/helpers:191:16)
    at requirePage (/Users/raos/Custom Code/personal-finance-platform/frontend/node_modules/next/dist/server/require.js:109:84)
    at /Users/raos/Custom Code/personal-finance-platform/frontend/node_modules/next/dist/server/load-components.js:103:84
    at async loadComponentsImpl (/Users/raos/Custom Code/personal-finance-platform/frontend/node_modules/next/dist/server/load-components.js:103:26)
    at async DevServer.findPageComponentsImpl (/Users/raos/Custom Code/personal-finance-platform/frontend/node_modules/next/dist/server/next-server.js:714:36)
    at async DevServer.findPageComponents (/Users/raos/Custom Code/personal-finance-platform/frontend/node_modules/next/dist/server/dev/next-dev-server.js:577:20)
    at async DevServer.renderErrorToResponseImpl (/Users/raos/Custom Code/personal-finance-platform/frontend/node_modules/next/dist/server/base-server.js:2090:30)
    at async pipe.req.req (/Users/raos/Custom Code/personal-finance-platform/frontend/node_modules/next/dist/server/base-server.js:2056:30)
    at async DevServer.pipeImpl (/Users/raos/Custom Code/personal-finance-platform/frontend/node_modules/next/dist/server/base-server.js:922:25)
    at async /Users/raos/Custom Code/personal-finance-platform/frontend/node_modules/next/dist/server/dev/next-dev-server.js:339:20
    at async Span.traceAsyncFn (/Users/raos/Custom Code/personal-finance-platform/frontend/node_modules/next/dist/trace/trace.js:154:20)
    at async DevServer.handleRequest (/Users/raos/Custom Code/personal-finance-platform/frontend/node_modules/next/dist/server/dev/next-dev-server.js:336:24)
    at async invokeRender (/Users/raos/Custom Code/personal-finance-platform/frontend/node_modules/next/dist/server/lib/router-server.js:179:21)
    at async handleRequest (/Users/raos/Custom Code/personal-finance-platform/frontend/node_modules/next/dist/server/lib/router-server.js:374:24)
    at async requestHandlerImpl (/Users/raos/Custom Code/personal-finance-platform/frontend/node_modules/next/dist/server/lib/router-server.js:383:13)
    at async Server.requestListener (/Users/raos/Custom Code/personal-finance-platform/frontend/node_modules/next/dist/server/lib/start-server.js:141:13) {
  code: 'MODULE_NOT_FOUND',
  requireStack: [
    '/Users/raos/Custom Code/personal-finance-platform/frontend/.next/server/webpack-runtime.js',
    '/Users/raos/Custom Code/personal-finance-platform/frontend/.next/server/app/dashboard/page.js',
    '/Users/raos/Custom Code/personal-finance-platform/frontend/node_modules/next/dist/server/require.js',
    '/Users/raos/Custom Code/personal-finance-platform/frontend/node_modules/next/dist/server/load-components.js',
    '/Users/raos/Custom Code/personal-finance-platform/frontend/node_modules/next/dist/build/utils.js',
    '/Users/raos/Custom Code/personal-finance-platform/frontend/node_modules/next/dist/server/dev/hot-middleware.js',
    '/Users/raos/Custom Code/personal-finance-platform/frontend/node_modules/next/dist/server/dev/hot-reloader-webpack.js',
    '/Users/raos/Custom Code/personal-finance-platform/frontend/node_modules/next/dist/server/lib/router-utils/setup-dev-bundler.js',
    '/Users/raos/Custom Code/personal-finance-platform/frontend/node_modules/next/dist/server/lib/router-server.js',
    '/Users/raos/Custom Code/personal-finance-platform/frontend/node_modules/next/dist/server/lib/start-server.js'
  ]
}
 ✓ Compiled /_error in 360ms (1967 modules)
 GET /_next/static/css/app/layout.css?v=1778196124651 500 in 797ms
 ⨯ Error: Cannot find module './734.js'
Require stack:
- /Users/raos/Custom Code/personal-finance-platform/frontend/.next/server/webpack-runtime.js
- /Users/raos/Custom Code/personal-finance-platform/frontend/.next/server/app/dashboard/page.js
- /Users/raos/Custom Code/personal-finance-platform/frontend/node_modules/next/dist/server/require.js
- /Users/raos/Custom Code/personal-finance-platform/frontend/node_modules/next/dist/server/load-components.js
- /Users/raos/Custom Code/personal-finance-platform/frontend/node_modules/next/dist/build/utils.js
- /Users/raos/Custom Code/personal-finance-platform/frontend/node_modules/next/dist/server/dev/hot-middleware.js
- /Users/raos/Custom Code/personal-finance-platform/frontend/node_modules/next/dist/server/dev/hot-reloader-webpack.js
- /Users/raos/Custom Code/personal-finance-platform/frontend/node_modules/next/dist/server/lib/router-utils/setup-dev-bundler.js
- /Users/raos/Custom Code/personal-finance-platform/frontend/node_modules/next/dist/server/lib/router-server.js
- /Users/raos/Custom Code/personal-finance-platform/frontend/node_modules/next/dist/server/lib/start-server.js
    at Module._resolveFilename (node:internal/modules/cjs/loader:1475:15)
    at /Users/raos/Custom Code/personal-finance-platform/frontend/node_modules/next/dist/server/require-hook.js:55:36
    at wrapResolveFilename (node:internal/modules/cjs/loader:1048:27)
    at defaultResolveImplForCJSLoading (node:internal/modules/cjs/loader:1072:10)
    at resolveForCJSWithHooks (node:internal/modules/cjs/loader:1093:12)
    at Module._load (node:internal/modules/cjs/loader:1261:25)
    at wrapModuleLoad (node:internal/modules/cjs/loader:255:19)
    at Module.require (node:internal/modules/cjs/loader:1575:12)
    at mod.require (/Users/raos/Custom Code/personal-finance-platform/frontend/node_modules/next/dist/server/require-hook.js:65:28)
    at require (node:internal/modules/helpers:191:16)
    at __webpack_require__.f.require (/Users/raos/Custom Code/personal-finance-platform/frontend/.next/server/webpack-runtime.js:198:28)
    at /Users/raos/Custom Code/personal-finance-platform/frontend/.next/server/webpack-runtime.js:111:40
    at Array.reduce (<anonymous>)
    at __webpack_require__.e (/Users/raos/Custom Code/personal-finance-platform/frontend/.next/server/webpack-runtime.js:110:67)
    at Array.map (<anonymous>)
    at __webpack_require__.X (/Users/raos/Custom Code/personal-finance-platform/frontend/.next/server/webpack-runtime.js:162:22)
    at /Users/raos/Custom Code/personal-finance-platform/frontend/.next/server/app/_not-found/page.js:1:3361
    at Object.<anonymous> (/Users/raos/Custom Code/personal-finance-platform/frontend/.next/server/app/_not-found/page.js:1:3402)
    at Module._compile (node:internal/modules/cjs/loader:1829:14)
    at Module._extensions..js (node:internal/modules/cjs/loader:1969:10)
    at Module.load (node:internal/modules/cjs/loader:1552:32)
    at Module._load (node:internal/modules/cjs/loader:1354:12)
    at wrapModuleLoad (node:internal/modules/cjs/loader:255:19)
    at Module.require (node:internal/modules/cjs/loader:1575:12)
    at mod.require (/Users/raos/Custom Code/personal-finance-platform/frontend/node_modules/next/dist/server/require-hook.js:65:28)
    at require (node:internal/modules/helpers:191:16)
    at requirePage (/Users/raos/Custom Code/personal-finance-platform/frontend/node_modules/next/dist/server/require.js:109:84)
    at /Users/raos/Custom Code/personal-finance-platform/frontend/node_modules/next/dist/server/load-components.js:103:84
    at async loadComponentsImpl (/Users/raos/Custom Code/personal-finance-platform/frontend/node_modules/next/dist/server/load-components.js:103:26)
    at async DevServer.findPageComponentsImpl (/Users/raos/Custom Code/personal-finance-platform/frontend/node_modules/next/dist/server/next-server.js:714:36)
    at async DevServer.findPageComponents (/Users/raos/Custom Code/personal-finance-platform/frontend/node_modules/next/dist/server/dev/next-dev-server.js:577:20)
    at async DevServer.renderErrorToResponseImpl (/Users/raos/Custom Code/personal-finance-platform/frontend/node_modules/next/dist/server/base-server.js:2090:30)
    at async pipe.req.req (/Users/raos/Custom Code/personal-finance-platform/frontend/node_modules/next/dist/server/base-server.js:2056:30)
    at async DevServer.pipeImpl (/Users/raos/Custom Code/personal-finance-platform/frontend/node_modules/next/dist/server/base-server.js:922:25)
    at async /Users/raos/Custom Code/personal-finance-platform/frontend/node_modules/next/dist/server/dev/next-dev-server.js:339:20
    at async Span.traceAsyncFn (/Users/raos/Custom Code/personal-finance-platform/frontend/node_modules/next/dist/trace/trace.js:154:20)
    at async DevServer.handleRequest (/Users/raos/Custom Code/personal-finance-platform/frontend/node_modules/next/dist/server/dev/next-dev-server.js:336:24)
    at async invokeRender (/Users/raos/Custom Code/personal-finance-platform/frontend/node_modules/next/dist/server/lib/router-server.js:179:21)
    at async handleRequest (/Users/raos/Custom Code/personal-finance-platform/frontend/node_modules/next/dist/server/lib/router-server.js:374:24)
    at async requestHandlerImpl (/Users/raos/Custom Code/personal-finance-platform/frontend/node_modules/next/dist/server/lib/router-server.js:383:13)
    at async Server.requestListener (/Users/raos/Custom Code/personal-finance-platform/frontend/node_modules/next/dist/server/lib/start-server.js:141:13) {
  code: 'MODULE_NOT_FOUND',
  requireStack: [
    '/Users/raos/Custom Code/personal-finance-platform/frontend/.next/server/webpack-runtime.js',
    '/Users/raos/Custom Code/personal-finance-platform/frontend/.next/server/app/dashboard/page.js',
    '/Users/raos/Custom Code/personal-finance-platform/frontend/node_modules/next/dist/server/require.js',
    '/Users/raos/Custom Code/personal-finance-platform/frontend/node_modules/next/dist/server/load-components.js',
    '/Users/raos/Custom Code/personal-finance-platform/frontend/node_modules/next/dist/build/utils.js',
    '/Users/raos/Custom Code/personal-finance-platform/frontend/node_modules/next/dist/server/dev/hot-middleware.js',
    '/Users/raos/Custom Code/personal-finance-platform/frontend/node_modules/next/dist/server/dev/hot-reloader-webpack.js',
    '/Users/raos/Custom Code/personal-finance-platform/frontend/node_modules/next/dist/server/lib/router-utils/setup-dev-bundler.js',
    '/Users/raos/Custom Code/personal-finance-platform/frontend/node_modules/next/dist/server/lib/router-server.js',
    '/Users/raos/Custom Code/personal-finance-platform/frontend/node_modules/next/dist/server/lib/start-server.js'
  ]
}
 GET /_next/static/css/app/layout.css?v=1778196125477 500 in 3ms
<w> [webpack.cache.PackFileCacheStrategy] Caching failed for pack: Error: ENOENT: no such file or directory, lstat '/Users/raos/Custom Code/personal-finance-platform/frontend/.next/server/vendor-chunks/combined-stream.js'
<w> [webpack.cache.PackFileCacheStrategy/webpack.FileSystemInfo] Resolving './vendor-chunks/combined-stream' in /Users/raos/Custom Code/personal-finance-platform/frontend/.next/server for build dependencies doesn't lead to expected result '/Users/raos/Custom Code/personal-finance-platform/frontend/.next/server/vendor-chunks/combined-stream.js', but to 'Error: Can't resolve './vendor-chunks/combined-stream' in '/Users/raos/Custom Code/personal-finance-platform/frontend/.next/server'' instead. Resolving dependencies are ignored for this path.
<w>  at resolve commonjs file ./vendor-chunks/combined-stream (expected /Users/raos/Custom Code/personal-finance-platform/frontend/.next/server/vendor-chunks/combined-stream.js)
<w>  at file dependencies /Users/raos/Custom Code/personal-finance-platform/frontend/.next/server/webpack-runtime.js
<w>  at file /Users/raos/Custom Code/personal-finance-platform/frontend/.next/server/webpack-runtime.js
<w>  at file dependencies /Users/raos/Custom Code/personal-finance-platform/frontend/.next/server/app/dashboard/page.js
<w>  at file /Users/raos/Custom Code/personal-finance-platform/frontend/.next/server/app/dashboard/page.js
<w>  at file dependencies /Users/raos/Custom Code/personal-finance-platform/frontend/node_modules/next/dist/server/require.js
<w>  at file /Users/raos/Custom Code/personal-finance-platform/frontend/node_modules/next/dist/server/require.js
<w>  at file dependencies /Users/raos/Custom Code/personal-finance-platform/frontend/node_modules/next/dist/server/load-components.js
<w>  at file /Users/raos/Custom Code/personal-finance-platform/frontend/node_modules/next/dist/server/load-components.js
<w>  at file dependencies /Users/raos/Custom Code/personal-finance-platform/frontend/node_modules/next/dist/build/utils.js
<w>  at file /Users/raos/Custom Code/personal-finance-platform/frontend/node_modules/next/dist/build/utils.js
<w>  at file dependencies /Users/raos/Custom Code/personal-finance-platform/frontend/node_modules/next/dist/build/handle-externals.js
<w>  at file /Users/raos/Custom Code/personal-finance-platform/frontend/node_modules/next/dist/build/handle-externals.js
<w>  at file dependencies /Users/raos/Custom Code/personal-finance-platform/frontend/node_modules/next/dist/build/webpack/loaders/next-swc-loader.js
<w>  at file /Users/raos/Custom Code/personal-finance-platform/frontend/node_modules/next/dist/build/webpack/loaders/next-swc-loader.js
<w>  at resolve commonjs /Users/raos/Custom Code/personal-finance-platform/frontend/node_modules/next/dist/build/webpack/loaders/next-swc-loader.js
<w> [webpack.cache.PackFileCacheStrategy/webpack.FileSystemInfo] Resolving './vendor-chunks/delayed-stream' in /Users/raos/Custom Code/personal-finance-platform/frontend/.next/server for build dependencies doesn't lead to expected result '/Users/raos/Custom Code/personal-finance-platform/frontend/.next/server/vendor-chunks/delayed-stream.js', but to 'Error: Can't resolve './vendor-chunks/delayed-stream' in '/Users/raos/Custom Code/personal-finance-platform/frontend/.next/server'' instead. Resolving dependencies are ignored for this path.
<w>  at resolve commonjs file ./vendor-chunks/delayed-stream (expected /Users/raos/Custom Code/personal-finance-platform/frontend/.next/server/vendor-chunks/delayed-stream.js)
<w>  at file dependencies /Users/raos/Custom Code/personal-finance-platform/frontend/.next/server/webpack-runtime.js
<w>  at file /Users/raos/Custom Code/personal-finance-platform/frontend/.next/server/webpack-runtime.js
<w>  at file dependencies /Users/raos/Custom Code/personal-finance-platform/frontend/.next/server/app/dashboard/page.js
<w>  at file /Users/raos/Custom Code/personal-finance-platform/frontend/.next/server/app/dashboard/page.js
<w>  at file dependencies /Users/raos/Custom Code/personal-finance-platform/frontend/node_modules/next/dist/server/require.js
<w>  at file /Users/raos/Custom Code/personal-finance-platform/frontend/node_modules/next/dist/server/require.js
<w>  at file dependencies /Users/raos/Custom Code/personal-finance-platform/frontend/node_modules/next/dist/server/load-components.js
<w>  at file /Users/raos/Custom Code/personal-finance-platform/frontend/node_modules/next/dist/server/load-components.js
<w>  at file dependencies /Users/raos/Custom Code/personal-finance-platform/frontend/node_modules/next/dist/build/utils.js
<w>  at file /Users/raos/Custom Code/personal-finance-platform/frontend/node_modules/next/dist/build/utils.js
<w>  at file dependencies /Users/raos/Custom Code/personal-finance-platform/frontend/node_modules/next/dist/build/handle-externals.js
<w>  at file /Users/raos/Custom Code/personal-finance-platform/frontend/node_modules/next/dist/build/handle-externals.js
<w>  at file dependencies /Users/raos/Custom Code/personal-finance-platform/frontend/node_modules/next/dist/build/webpack/loaders/next-swc-loader.js
<w>  at file /Users/raos/Custom Code/personal-finance-platform/frontend/node_modules/next/dist/build/webpack/loaders/next-swc-loader.js
<w>  at resolve commonjs /Users/raos/Custom Code/personal-finance-platform/frontend/node_modules/next/dist/build/webpack/loaders/next-swc-loader.js
<w> [webpack.cache.PackFileCacheStrategy/webpack.FileSystemInfo] Resolving './vendor-chunks/dunder-proto' in /Users/raos/Custom Code/personal-finance-platform/frontend/.next/server for build dependencies doesn't lead to expected result '/Users/raos/Custom Code/personal-finance-platform/frontend/.next/server/vendor-chunks/dunder-proto.js', but to 'Error: Can't resolve './vendor-chunks/dunder-proto' in '/Users/raos/Custom Code/personal-finance-platform/frontend/.next/server'' instead. Resolving dependencies are ignored for this path.
<w>  at resolve commonjs file ./vendor-chunks/dunder-proto (expected /Users/raos/Custom Code/personal-finance-platform/frontend/.next/server/vendor-chunks/dunder-proto.js)
<w>  at file dependencies /Users/raos/Custom Code/personal-finance-platform/frontend/.next/server/webpack-runtime.js
<w>  at file /Users/raos/Custom Code/personal-finance-platform/frontend/.next/server/webpack-runtime.js
<w>  at file dependencies /Users/raos/Custom Code/personal-finance-platform/frontend/.next/server/app/dashboard/page.js
<w>  at file /Users/raos/Custom Code/personal-finance-platform/frontend/.next/server/app/dashboard/page.js
<w>  at file dependencies /Users/raos/Custom Code/personal-finance-platform/frontend/node_modules/next/dist/server/require.js
<w>  at file /Users/raos/Custom Code/personal-finance-platform/frontend/node_modules/next/dist/server/require.js
<w>  at file dependencies /Users/raos/Custom Code/personal-finance-platform/frontend/node_modules/next/dist/server/load-components.js
<w>  at file /Users/raos/Custom Code/personal-finance-platform/frontend/node_modules/next/dist/server/load-components.js
<w>  at file dependencies /Users/raos/Custom Code/personal-finance-platform/frontend/node_modules/next/dist/build/utils.js
<w>  at file /Users/raos/Custom Code/personal-finance-platform/frontend/node_modules/next/dist/build/utils.js
<w>  at file dependencies /Users/raos/Custom Code/personal-finance-platform/frontend/node_modules/next/dist/build/handle-externals.js
<w>  at file /Users/raos/Custom Code/personal-finance-platform/frontend/node_modules/next/dist/build/handle-externals.js
<w>  at file dependencies /Users/raos/Custom Code/personal-finance-platform/frontend/node_modules/next/dist/build/webpack/loaders/next-swc-loader.js
<w>  at file /Users/raos/Custom Code/personal-finance-platform/frontend/node_modules/next/dist/build/webpack/loaders/next-swc-loader.js
<w>  at resolve commonjs /Users/raos/Custom Code/personal-finance-platform/frontend/node_modules/next/dist/build/webpack/loaders/next-swc-loader.js
 ✓ Compiled in 147ms (1981 modules)
 ⨯ Error: Cannot find module './734.js'
Require stack:
- /Users/raos/Custom Code/personal-finance-platform/frontend/.next/server/webpack-runtime.js
- /Users/raos/Custom Code/personal-finance-platform/frontend/.next/server/app/dashboard/page.js
- /Users/raos/Custom Code/personal-finance-platform/frontend/node_modules/next/dist/server/require.js
- /Users/raos/Custom Code/personal-finance-platform/frontend/node_modules/next/dist/server/load-components.js
- /Users/raos/Custom Code/personal-finance-platform/frontend/node_modules/next/dist/build/utils.js
- /Users/raos/Custom Code/personal-finance-platform/frontend/node_modules/next/dist/server/dev/hot-middleware.js
- /Users/raos/Custom Code/personal-finance-platform/frontend/node_modules/next/dist/server/dev/hot-reloader-webpack.js
- /Users/raos/Custom Code/personal-finance-platform/frontend/node_modules/next/dist/server/lib/router-utils/setup-dev-bundler.js
- /Users/raos/Custom Code/personal-finance-platform/frontend/node_modules/next/dist/server/lib/router-server.js
- /Users/raos/Custom Code/personal-finance-platform/frontend/node_modules/next/dist/server/lib/start-server.js
    at Module._resolveFilename (node:internal/modules/cjs/loader:1475:15)
    at /Users/raos/Custom Code/personal-finance-platform/frontend/node_modules/next/dist/server/require-hook.js:55:36
    at wrapResolveFilename (node:internal/modules/cjs/loader:1048:27)
    at defaultResolveImplForCJSLoading (node:internal/modules/cjs/loader:1072:10)
    at resolveForCJSWithHooks (node:internal/modules/cjs/loader:1093:12)
    at Module._load (node:internal/modules/cjs/loader:1261:25)
    at wrapModuleLoad (node:internal/modules/cjs/loader:255:19)
    at Module.require (node:internal/modules/cjs/loader:1575:12)
    at mod.require (/Users/raos/Custom Code/personal-finance-platform/frontend/node_modules/next/dist/server/require-hook.js:65:28)
    at require (node:internal/modules/helpers:191:16)
    at __webpack_require__.f.require (/Users/raos/Custom Code/personal-finance-platform/frontend/.next/server/webpack-runtime.js:198:28)
    at /Users/raos/Custom Code/personal-finance-platform/frontend/.next/server/webpack-runtime.js:111:40
    at Array.reduce (<anonymous>)
    at __webpack_require__.e (/Users/raos/Custom Code/personal-finance-platform/frontend/.next/server/webpack-runtime.js:110:67)
    at Array.map (<anonymous>)
    at __webpack_require__.X (/Users/raos/Custom Code/personal-finance-platform/frontend/.next/server/webpack-runtime.js:162:22)
    at /Users/raos/Custom Code/personal-finance-platform/frontend/.next/server/app/_not-found/page.js:1:3361
    at Object.<anonymous> (/Users/raos/Custom Code/personal-finance-platform/frontend/.next/server/app/_not-found/page.js:1:3402)
    at Module._compile (node:internal/modules/cjs/loader:1829:14)
    at Module._extensions..js (node:internal/modules/cjs/loader:1969:10)
    at Module.load (node:internal/modules/cjs/loader:1552:32)
    at Module._load (node:internal/modules/cjs/loader:1354:12)
    at wrapModuleLoad (node:internal/modules/cjs/loader:255:19)
    at Module.require (node:internal/modules/cjs/loader:1575:12)
    at mod.require (/Users/raos/Custom Code/personal-finance-platform/frontend/node_modules/next/dist/server/require-hook.js:65:28)
    at require (node:internal/modules/helpers:191:16)
    at requirePage (/Users/raos/Custom Code/personal-finance-platform/frontend/node_modules/next/dist/server/require.js:109:84)
    at /Users/raos/Custom Code/personal-finance-platform/frontend/node_modules/next/dist/server/load-components.js:103:84
    at async loadComponentsImpl (/Users/raos/Custom Code/personal-finance-platform/frontend/node_modules/next/dist/server/load-components.js:103:26)
    at async DevServer.findPageComponentsImpl (/Users/raos/Custom Code/personal-finance-platform/frontend/node_modules/next/dist/server/next-server.js:714:36)
    at async DevServer.findPageComponents (/Users/raos/Custom Code/personal-finance-platform/frontend/node_modules/next/dist/server/dev/next-dev-server.js:577:20)
    at async DevServer.renderErrorToResponseImpl (/Users/raos/Custom Code/personal-finance-platform/frontend/node_modules/next/dist/server/base-server.js:2090:30)
    at async pipe.req.req (/Users/raos/Custom Code/personal-finance-platform/frontend/node_modules/next/dist/server/base-server.js:2056:30)
    at async DevServer.pipeImpl (/Users/raos/Custom Code/personal-finance-platform/frontend/node_modules/next/dist/server/base-server.js:922:25)
    at async /Users/raos/Custom Code/personal-finance-platform/frontend/node_modules/next/dist/server/dev/next-dev-server.js:339:20
    at async Span.traceAsyncFn (/Users/raos/Custom Code/personal-finance-platform/frontend/node_modules/next/dist/trace/trace.js:154:20)
    at async DevServer.handleRequest (/Users/raos/Custom Code/personal-finance-platform/frontend/node_modules/next/dist/server/dev/next-dev-server.js:336:24)
    at async invokeRender (/Users/raos/Custom Code/personal-finance-platform/frontend/node_modules/next/dist/server/lib/router-server.js:179:21)
    at async handleRequest (/Users/raos/Custom Code/personal-finance-platform/frontend/node_modules/next/dist/server/lib/router-server.js:374:24)
    at async requestHandlerImpl (/Users/raos/Custom Code/personal-finance-platform/frontend/node_modules/next/dist/server/lib/router-server.js:383:13)
    at async Server.requestListener (/Users/raos/Custom Code/personal-finance-platform/frontend/node_modules/next/dist/server/lib/start-server.js:141:13) {
  code: 'MODULE_NOT_FOUND',
  requireStack: [
    '/Users/raos/Custom Code/personal-finance-platform/frontend/.next/server/webpack-runtime.js',
    '/Users/raos/Custom Code/personal-finance-platform/frontend/.next/server/app/dashboard/page.js',
    '/Users/raos/Custom Code/personal-finance-platform/frontend/node_modules/next/dist/server/require.js',
    '/Users/raos/Custom Code/personal-finance-platform/frontend/node_modules/next/dist/server/load-components.js',
    '/Users/raos/Custom Code/personal-finance-platform/frontend/node_modules/next/dist/build/utils.js',
    '/Users/raos/Custom Code/personal-finance-platform/frontend/node_modules/next/dist/server/dev/hot-middleware.js',
    '/Users/raos/Custom Code/personal-finance-platform/frontend/node_modules/next/dist/server/dev/hot-reloader-webpack.js',
    '/Users/raos/Custom Code/personal-finance-platform/frontend/node_modules/next/dist/server/lib/router-utils/setup-dev-bundler.js',
    '/Users/raos/Custom Code/personal-finance-platform/frontend/node_modules/next/dist/server/lib/router-server.js',
    '/Users/raos/Custom Code/personal-finance-platform/frontend/node_modules/next/dist/server/lib/start-server.js'
  ]
}
 GET /_next/static/css/app/layout.css?v=1778196129671 500 in 3ms
<w> [webpack.cache.PackFileCacheStrategy] Caching failed for pack: Error: ENOENT: no such file or directory, lstat '/Users/raos/Custom Code/personal-finance-platform/frontend/.next/server/vendor-chunks'
<w> [webpack.cache.PackFileCacheStrategy/webpack.FileSystemInfo] Resolving './vendor-chunks/combined-stream' in /Users/raos/Custom Code/personal-finance-platform/frontend/.next/server for build dependencies doesn't lead to expected result '/Users/raos/Custom Code/personal-finance-platform/frontend/.next/server/vendor-chunks/combined-stream.js', but to 'Error: Can't resolve './vendor-chunks/combined-stream' in '/Users/raos/Custom Code/personal-finance-platform/frontend/.next/server'' instead. Resolving dependencies are ignored for this path.
<w>  at resolve commonjs file ./vendor-chunks/combined-stream (expected /Users/raos/Custom Code/personal-finance-platform/frontend/.next/server/vendor-chunks/combined-stream.js)
<w>  at file dependencies /Users/raos/Custom Code/personal-finance-platform/frontend/.next/server/webpack-runtime.js
<w>  at file /Users/raos/Custom Code/personal-finance-platform/frontend/.next/server/webpack-runtime.js
<w>  at file dependencies /Users/raos/Custom Code/personal-finance-platform/frontend/.next/server/app/dashboard/page.js
<w>  at file /Users/raos/Custom Code/personal-finance-platform/frontend/.next/server/app/dashboard/page.js
<w>  at file dependencies /Users/raos/Custom Code/personal-finance-platform/frontend/node_modules/next/dist/server/require.js
<w>  at file /Users/raos/Custom Code/personal-finance-platform/frontend/node_modules/next/dist/server/require.js
<w>  at file dependencies /Users/raos/Custom Code/personal-finance-platform/frontend/node_modules/next/dist/server/load-components.js
<w>  at file /Users/raos/Custom Code/personal-finance-platform/frontend/node_modules/next/dist/server/load-components.js
<w>  at file dependencies /Users/raos/Custom Code/personal-finance-platform/frontend/node_modules/next/dist/build/utils.js
<w>  at file /Users/raos/Custom Code/personal-finance-platform/frontend/node_modules/next/dist/build/utils.js
<w>  at file dependencies /Users/raos/Custom Code/personal-finance-platform/frontend/node_modules/next/dist/build/webpack/loaders/next-route-loader/index.js
<w>  at file /Users/raos/Custom Code/personal-finance-platform/frontend/node_modules/next/dist/build/webpack/loaders/next-route-loader/index.js
<w>  at resolve commonjs /Users/raos/Custom Code/personal-finance-platform/frontend/node_modules/next/dist/build/webpack/loaders/next-route-loader/index.js
<w> [webpack.cache.PackFileCacheStrategy/webpack.FileSystemInfo] Resolving './vendor-chunks/delayed-stream' in /Users/raos/Custom Code/personal-finance-platform/frontend/.next/server for build dependencies doesn't lead to expected result '/Users/raos/Custom Code/personal-finance-platform/frontend/.next/server/vendor-chunks/delayed-stream.js', but to 'Error: Can't resolve './vendor-chunks/delayed-stream' in '/Users/raos/Custom Code/personal-finance-platform/frontend/.next/server'' instead. Resolving dependencies are ignored for this path.
<w>  at resolve commonjs file ./vendor-chunks/delayed-stream (expected /Users/raos/Custom Code/personal-finance-platform/frontend/.next/server/vendor-chunks/delayed-stream.js)
<w>  at file dependencies /Users/raos/Custom Code/personal-finance-platform/frontend/.next/server/webpack-runtime.js
<w>  at file /Users/raos/Custom Code/personal-finance-platform/frontend/.next/server/webpack-runtime.js
<w>  at file dependencies /Users/raos/Custom Code/personal-finance-platform/frontend/.next/server/app/dashboard/page.js
<w>  at file /Users/raos/Custom Code/personal-finance-platform/frontend/.next/server/app/dashboard/page.js
<w>  at file dependencies /Users/raos/Custom Code/personal-finance-platform/frontend/node_modules/next/dist/server/require.js
<w>  at file /Users/raos/Custom Code/personal-finance-platform/frontend/node_modules/next/dist/server/require.js
<w>  at file dependencies /Users/raos/Custom Code/personal-finance-platform/frontend/node_modules/next/dist/server/load-components.js
<w>  at file /Users/raos/Custom Code/personal-finance-platform/frontend/node_modules/next/dist/server/load-components.js
<w>  at file dependencies /Users/raos/Custom Code/personal-finance-platform/frontend/node_modules/next/dist/build/utils.js
<w>  at file /Users/raos/Custom Code/personal-finance-platform/frontend/node_modules/next/dist/build/utils.js
<w>  at file dependencies /Users/raos/Custom Code/personal-finance-platform/frontend/node_modules/next/dist/build/webpack/loaders/next-route-loader/index.js
<w>  at file /Users/raos/Custom Code/personal-finance-platform/frontend/node_modules/next/dist/build/webpack/loaders/next-route-loader/index.js
<w>  at resolve commonjs /Users/raos/Custom Code/personal-finance-platform/frontend/node_modules/next/dist/build/webpack/loaders/next-route-loader/index.js
<w> [webpack.cache.PackFileCacheStrategy/webpack.FileSystemInfo] Resolving './vendor-chunks/dunder-proto' in /Users/raos/Custom Code/personal-finance-platform/frontend/.next/server for build dependencies doesn't lead to expected result '/Users/raos/Custom Code/personal-finance-platform/frontend/.next/server/vendor-chunks/dunder-proto.js', but to 'Error: Can't resolve './vendor-chunks/dunder-proto' in '/Users/raos/Custom Code/personal-finance-platform/frontend/.next/server'' instead. Resolving dependencies are ignored for this path.
<w>  at resolve commonjs file ./vendor-chunks/dunder-proto (expected /Users/raos/Custom Code/personal-finance-platform/frontend/.next/server/vendor-chunks/dunder-proto.js)
<w>  at file dependencies /Users/raos/Custom Code/personal-finance-platform/frontend/.next/server/webpack-runtime.js
<w>  at file /Users/raos/Custom Code/personal-finance-platform/frontend/.next/server/webpack-runtime.js
<w>  at file dependencies /Users/raos/Custom Code/personal-finance-platform/frontend/.next/server/app/dashboard/page.js
<w>  at file /Users/raos/Custom Code/personal-finance-platform/frontend/.next/server/app/dashboard/page.js
<w>  at file dependencies /Users/raos/Custom Code/personal-finance-platform/frontend/node_modules/next/dist/server/require.js
<w>  at file /Users/raos/Custom Code/personal-finance-platform/frontend/node_modules/next/dist/server/require.js
<w>  at file dependencies /Users/raos/Custom Code/personal-finance-platform/frontend/node_modules/next/dist/server/load-components.js
<w>  at file /Users/raos/Custom Code/personal-finance-platform/frontend/node_modules/next/dist/server/load-components.js
<w>  at file dependencies /Users/raos/Custom Code/personal-finance-platform/frontend/node_modules/next/dist/build/utils.js
<w>  at file /Users/raos/Custom Code/personal-finance-platform/frontend/node_modules/next/dist/build/utils.js
<w>  at file dependencies /Users/raos/Custom Code/personal-finance-platform/frontend/node_modules/next/dist/build/webpack/loaders/next-route-loader/index.js
<w>  at file /Users/raos/Custom Code/personal-finance-platform/frontend/node_modules/next/dist/build/webpack/loaders/next-route-loader/index.js
<w>  at resolve commonjs /Users/raos/Custom Code/personal-finance-platform/frontend/node_modules/next/dist/build/webpack/loaders/next-route-loader/index.js
<w> [webpack.cache.PackFileCacheStrategy/webpack.FileSystemInfo] Resolving './vendor-chunks/es-define-property' in /Users/raos/Custom Code/personal-finance-platform/frontend/.next/server for build dependencies doesn't lead to expected result '/Users/raos/Custom Code/personal-finance-platform/frontend/.next/server/vendor-chunks/es-define-property.js', but to 'Error: Can't resolve './vendor-chunks/es-define-property' in '/Users/raos/Custom Code/personal-finance-platform/frontend/.next/server'' instead. Resolving dependencies are ignored for this path.
<w>  at resolve commonjs file ./vendor-chunks/es-define-property (expected /Users/raos/Custom Code/personal-finance-platform/frontend/.next/server/vendor-chunks/es-define-property.js)
<w>  at file dependencies /Users/raos/Custom Code/personal-finance-platform/frontend/.next/server/webpack-runtime.js
<w>  at file /Users/raos/Custom Code/personal-finance-platform/frontend/.next/server/webpack-runtime.js
<w>  at file dependencies /Users/raos/Custom Code/personal-finance-platform/frontend/.next/server/app/dashboard/page.js
<w>  at file /Users/raos/Custom Code/personal-finance-platform/frontend/.next/server/app/dashboard/page.js
<w>  at file dependencies /Users/raos/Custom Code/personal-finance-platform/frontend/node_modules/next/dist/server/require.js
<w>  at file /Users/raos/Custom Code/personal-finance-platform/frontend/node_modules/next/dist/server/require.js
<w>  at file dependencies /Users/raos/Custom Code/personal-finance-platform/frontend/node_modules/next/dist/server/load-components.js
<w>  at file /Users/raos/Custom Code/personal-finance-platform/frontend/node_modules/next/dist/server/load-components.js
<w>  at file dependencies /Users/raos/Custom Code/personal-finance-platform/frontend/node_modules/next/dist/build/utils.js
<w>  at file /Users/raos/Custom Code/personal-finance-platform/frontend/node_modules/next/dist/build/utils.js
<w>  at file dependencies /Users/raos/Custom Code/personal-finance-platform/frontend/node_modules/next/dist/build/webpack/loaders/next-route-loader/index.js
<w>  at file /Users/raos/Custom Code/personal-finance-platform/frontend/node_modules/next/dist/build/webpack/loaders/next-route-loader/index.js
<w>  at resolve commonjs /Users/raos/Custom Code/personal-finance-platform/frontend/node_modules/next/dist/build/webpack/loaders/next-route-loader/index.js
 GET /dashboard 200 in 123ms
 ⨯ Error: Cannot find module './734.js'
Require stack:
- /Users/raos/Custom Code/personal-finance-platform/frontend/.next/server/webpack-runtime.js
- /Users/raos/Custom Code/personal-finance-platform/frontend/.next/server/app/dashboard/page.js
- /Users/raos/Custom Code/personal-finance-platform/frontend/node_modules/next/dist/server/require.js
- /Users/raos/Custom Code/personal-finance-platform/frontend/node_modules/next/dist/server/load-components.js
- /Users/raos/Custom Code/personal-finance-platform/frontend/node_modules/next/dist/build/utils.js
- /Users/raos/Custom Code/personal-finance-platform/frontend/node_modules/next/dist/server/dev/hot-middleware.js
- /Users/raos/Custom Code/personal-finance-platform/frontend/node_modules/next/dist/server/dev/hot-reloader-webpack.js
- /Users/raos/Custom Code/personal-finance-platform/frontend/node_modules/next/dist/server/lib/router-utils/setup-dev-bundler.js
- /Users/raos/Custom Code/personal-finance-platform/frontend/node_modules/next/dist/server/lib/router-server.js
- /Users/raos/Custom Code/personal-finance-platform/frontend/node_modules/next/dist/server/lib/start-server.js
    at Module._resolveFilename (node:internal/modules/cjs/loader:1475:15)
    at /Users/raos/Custom Code/personal-finance-platform/frontend/node_modules/next/dist/server/require-hook.js:55:36
    at wrapResolveFilename (node:internal/modules/cjs/loader:1048:27)
    at defaultResolveImplForCJSLoading (node:internal/modules/cjs/loader:1072:10)
    at resolveForCJSWithHooks (node:internal/modules/cjs/loader:1093:12)
    at Module._load (node:internal/modules/cjs/loader:1261:25)
    at wrapModuleLoad (node:internal/modules/cjs/loader:255:19)
    at Module.require (node:internal/modules/cjs/loader:1575:12)
    at mod.require (/Users/raos/Custom Code/personal-finance-platform/frontend/node_modules/next/dist/server/require-hook.js:65:28)
    at require (node:internal/modules/helpers:191:16)
    at __webpack_require__.f.require (/Users/raos/Custom Code/personal-finance-platform/frontend/.next/server/webpack-runtime.js:198:28)
    at /Users/raos/Custom Code/personal-finance-platform/frontend/.next/server/webpack-runtime.js:111:40
    at Array.reduce (<anonymous>)
    at __webpack_require__.e (/Users/raos/Custom Code/personal-finance-platform/frontend/.next/server/webpack-runtime.js:110:67)
    at Array.map (<anonymous>)
    at __webpack_require__.X (/Users/raos/Custom Code/personal-finance-platform/frontend/.next/server/webpack-runtime.js:162:22)
    at /Users/raos/Custom Code/personal-finance-platform/frontend/.next/server/app/_not-found/page.js:1:3361
    at Object.<anonymous> (/Users/raos/Custom Code/personal-finance-platform/frontend/.next/server/app/_not-found/page.js:1:3402)
    at Module._compile (node:internal/modules/cjs/loader:1829:14)
    at Module._extensions..js (node:internal/modules/cjs/loader:1969:10)
    at Module.load (node:internal/modules/cjs/loader:1552:32)
    at Module._load (node:internal/modules/cjs/loader:1354:12)
    at wrapModuleLoad (node:internal/modules/cjs/loader:255:19)
    at Module.require (node:internal/modules/cjs/loader:1575:12)
    at mod.require (/Users/raos/Custom Code/personal-finance-platform/frontend/node_modules/next/dist/server/require-hook.js:65:28)
    at require (node:internal/modules/helpers:191:16)
    at requirePage (/Users/raos/Custom Code/personal-finance-platform/frontend/node_modules/next/dist/server/require.js:109:84)
    at /Users/raos/Custom Code/personal-finance-platform/frontend/node_modules/next/dist/server/load-components.js:103:84
    at async loadComponentsImpl (/Users/raos/Custom Code/personal-finance-platform/frontend/node_modules/next/dist/server/load-components.js:103:26)
    at async DevServer.findPageComponentsImpl (/Users/raos/Custom Code/personal-finance-platform/frontend/node_modules/next/dist/server/next-server.js:714:36)
    at async DevServer.findPageComponents (/Users/raos/Custom Code/personal-finance-platform/frontend/node_modules/next/dist/server/dev/next-dev-server.js:577:20)
    at async DevServer.renderErrorToResponseImpl (/Users/raos/Custom Code/personal-finance-platform/frontend/node_modules/next/dist/server/base-server.js:2090:30)
    at async pipe.req.req (/Users/raos/Custom Code/personal-finance-platform/frontend/node_modules/next/dist/server/base-server.js:2056:30)
    at async DevServer.pipeImpl (/Users/raos/Custom Code/personal-finance-platform/frontend/node_modules/next/dist/server/base-server.js:922:25)
    at async /Users/raos/Custom Code/personal-finance-platform/frontend/node_modules/next/dist/server/dev/next-dev-server.js:339:20
    at async Span.traceAsyncFn (/Users/raos/Custom Code/personal-finance-platform/frontend/node_modules/next/dist/trace/trace.js:154:20)
    at async DevServer.handleRequest (/Users/raos/Custom Code/personal-finance-platform/frontend/node_modules/next/dist/server/dev/next-dev-server.js:336:24)
    at async invokeRender (/Users/raos/Custom Code/personal-finance-platform/frontend/node_modules/next/dist/server/lib/router-server.js:179:21)
    at async handleRequest (/Users/raos/Custom Code/personal-finance-platform/frontend/node_modules/next/dist/server/lib/router-server.js:374:24)
    at async requestHandlerImpl (/Users/raos/Custom Code/personal-finance-platform/frontend/node_modules/next/dist/server/lib/router-server.js:383:13)
    at async Server.requestListener (/Users/raos/Custom Code/personal-finance-platform/frontend/node_modules/next/dist/server/lib/start-server.js:141:13) {
  code: 'MODULE_NOT_FOUND',
  requireStack: [
    '/Users/raos/Custom Code/personal-finance-platform/frontend/.next/server/webpack-runtime.js',
    '/Users/raos/Custom Code/personal-finance-platform/frontend/.next/server/app/dashboard/page.js',
    '/Users/raos/Custom Code/personal-finance-platform/frontend/node_modules/next/dist/server/require.js',
    '/Users/raos/Custom Code/personal-finance-platform/frontend/node_modules/next/dist/server/load-components.js',
    '/Users/raos/Custom Code/personal-finance-platform/frontend/node_modules/next/dist/build/utils.js',
    '/Users/raos/Custom Code/personal-finance-platform/frontend/node_modules/next/dist/server/dev/hot-middleware.js',
    '/Users/raos/Custom Code/personal-finance-platform/frontend/node_modules/next/dist/server/dev/hot-reloader-webpack.js',
    '/Users/raos/Custom Code/personal-finance-platform/frontend/node_modules/next/dist/server/lib/router-utils/setup-dev-bundler.js',
    '/Users/raos/Custom Code/personal-finance-platform/frontend/node_modules/next/dist/server/lib/router-server.js',
    '/Users/raos/Custom Code/personal-finance-platform/frontend/node_modules/next/dist/server/lib/start-server.js'
  ]
}
 ⨯ Error: Cannot find module './734.js'
Require stack:
- /Users/raos/Custom Code/personal-finance-platform/frontend/.next/server/webpack-runtime.js
- /Users/raos/Custom Code/personal-finance-platform/frontend/.next/server/app/dashboard/page.js
- /Users/raos/Custom Code/personal-finance-platform/frontend/node_modules/next/dist/server/require.js
- /Users/raos/Custom Code/personal-finance-platform/frontend/node_modules/next/dist/server/load-components.js
- /Users/raos/Custom Code/personal-finance-platform/frontend/node_modules/next/dist/build/utils.js
- /Users/raos/Custom Code/personal-finance-platform/frontend/node_modules/next/dist/server/dev/hot-middleware.js
- /Users/raos/Custom Code/personal-finance-platform/frontend/node_modules/next/dist/server/dev/hot-reloader-webpack.js
- /Users/raos/Custom Code/personal-finance-platform/frontend/node_modules/next/dist/server/lib/router-utils/setup-dev-bundler.js
- /Users/raos/Custom Code/personal-finance-platform/frontend/node_modules/next/dist/server/lib/router-server.js
- /Users/raos/Custom Code/personal-finance-platform/frontend/node_modules/next/dist/server/lib/start-server.js
    at Module._resolveFilename (node:internal/modules/cjs/loader:1475:15)
    at /Users/raos/Custom Code/personal-finance-platform/frontend/node_modules/next/dist/server/require-hook.js:55:36
    at wrapResolveFilename (node:internal/modules/cjs/loader:1048:27)
    at defaultResolveImplForCJSLoading (node:internal/modules/cjs/loader:1072:10)
    at resolveForCJSWithHooks (node:internal/modules/cjs/loader:1093:12)
    at Module._load (node:internal/modules/cjs/loader:1261:25)
    at wrapModuleLoad (node:internal/modules/cjs/loader:255:19)
    at Module.require (node:internal/modules/cjs/loader:1575:12)
    at mod.require (/Users/raos/Custom Code/personal-finance-platform/frontend/node_modules/next/dist/server/require-hook.js:65:28)
    at require (node:internal/modules/helpers:191:16)
    at __webpack_require__.f.require (/Users/raos/Custom Code/personal-finance-platform/frontend/.next/server/webpack-runtime.js:198:28)
    at /Users/raos/Custom Code/personal-finance-platform/frontend/.next/server/webpack-runtime.js:111:40
    at Array.reduce (<anonymous>)
    at __webpack_require__.e (/Users/raos/Custom Code/personal-finance-platform/frontend/.next/server/webpack-runtime.js:110:67)
    at Array.map (<anonymous>)
    at __webpack_require__.X (/Users/raos/Custom Code/personal-finance-platform/frontend/.next/server/webpack-runtime.js:162:22)
    at /Users/raos/Custom Code/personal-finance-platform/frontend/.next/server/app/_not-found/page.js:1:3361
    at Object.<anonymous> (/Users/raos/Custom Code/personal-finance-platform/frontend/.next/server/app/_not-found/page.js:1:3402)
    at Module._compile (node:internal/modules/cjs/loader:1829:14)
    at Module._extensions..js (node:internal/modules/cjs/loader:1969:10)
    at Module.load (node:internal/modules/cjs/loader:1552:32)
    at Module._load (node:internal/modules/cjs/loader:1354:12)
    at wrapModuleLoad (node:internal/modules/cjs/loader:255:19)
    at Module.require (node:internal/modules/cjs/loader:1575:12)
    at mod.require (/Users/raos/Custom Code/personal-finance-platform/frontend/node_modules/next/dist/server/require-hook.js:65:28)
    at require (node:internal/modules/helpers:191:16)
    at requirePage (/Users/raos/Custom Code/personal-finance-platform/frontend/node_modules/next/dist/server/require.js:109:84)
    at /Users/raos/Custom Code/personal-finance-platform/frontend/node_modules/next/dist/server/load-components.js:103:84
    at async loadComponentsImpl (/Users/raos/Custom Code/personal-finance-platform/frontend/node_modules/next/dist/server/load-components.js:103:26)
    at async DevServer.findPageComponentsImpl (/Users/raos/Custom Code/personal-finance-platform/frontend/node_modules/next/dist/server/next-server.js:714:36)
    at async DevServer.findPageComponents (/Users/raos/Custom Code/personal-finance-platform/frontend/node_modules/next/dist/server/dev/next-dev-server.js:577:20)
    at async DevServer.renderErrorToResponseImpl (/Users/raos/Custom Code/personal-finance-platform/frontend/node_modules/next/dist/server/base-server.js:2090:30)
    at async pipe.req.req (/Users/raos/Custom Code/personal-finance-platform/frontend/node_modules/next/dist/server/base-server.js:2056:30)
    at async DevServer.pipeImpl (/Users/raos/Custom Code/personal-finance-platform/frontend/node_modules/next/dist/server/base-server.js:922:25)
    at async /Users/raos/Custom Code/personal-finance-platform/frontend/node_modules/next/dist/server/dev/next-dev-server.js:339:20
    at async Span.traceAsyncFn (/Users/raos/Custom Code/personal-finance-platform/frontend/node_modules/next/dist/trace/trace.js:154:20)
    at async DevServer.handleRequest (/Users/raos/Custom Code/personal-finance-platform/frontend/node_modules/next/dist/server/dev/next-dev-server.js:336:24)
    at async invokeRender (/Users/raos/Custom Code/personal-finance-platform/frontend/node_modules/next/dist/server/lib/router-server.js:179:21)
    at async handleRequest (/Users/raos/Custom Code/personal-finance-platform/frontend/node_modules/next/dist/server/lib/router-server.js:374:24)
    at async requestHandlerImpl (/Users/raos/Custom Code/personal-finance-platform/frontend/node_modules/next/dist/server/lib/router-server.js:383:13)
    at async Server.requestListener (/Users/raos/Custom Code/personal-finance-platform/frontend/node_modules/next/dist/server/lib/start-server.js:141:13) {
  code: 'MODULE_NOT_FOUND',
  requireStack: [
    '/Users/raos/Custom Code/personal-finance-platform/frontend/.next/server/webpack-runtime.js',
    '/Users/raos/Custom Code/personal-finance-platform/frontend/.next/server/app/dashboard/page.js',
    '/Users/raos/Custom Code/personal-finance-platform/frontend/node_modules/next/dist/server/require.js',
    '/Users/raos/Custom Code/personal-finance-platform/frontend/node_modules/next/dist/server/load-components.js',
    '/Users/raos/Custom Code/personal-finance-platform/frontend/node_modules/next/dist/build/utils.js',
    '/Users/raos/Custom Code/personal-finance-platform/frontend/node_modules/next/dist/server/dev/hot-middleware.js',
    '/Users/raos/Custom Code/personal-finance-platform/frontend/node_modules/next/dist/server/dev/hot-reloader-webpack.js',
    '/Users/raos/Custom Code/personal-finance-platform/frontend/node_modules/next/dist/server/lib/router-utils/setup-dev-bundler.js',
    '/Users/raos/Custom Code/personal-finance-platform/frontend/node_modules/next/dist/server/lib/router-server.js',
    '/Users/raos/Custom Code/personal-finance-platform/frontend/node_modules/next/dist/server/lib/start-server.js'
  ]
}
 ⨯ Error: Cannot find module './734.js'
Require stack:
- /Users/raos/Custom Code/personal-finance-platform/frontend/.next/server/webpack-runtime.js
- /Users/raos/Custom Code/personal-finance-platform/frontend/.next/server/app/dashboard/page.js
- /Users/raos/Custom Code/personal-finance-platform/frontend/node_modules/next/dist/server/require.js
- /Users/raos/Custom Code/personal-finance-platform/frontend/node_modules/next/dist/server/load-components.js
- /Users/raos/Custom Code/personal-finance-platform/frontend/node_modules/next/dist/build/utils.js
- /Users/raos/Custom Code/personal-finance-platform/frontend/node_modules/next/dist/server/dev/hot-middleware.js
- /Users/raos/Custom Code/personal-finance-platform/frontend/node_modules/next/dist/server/dev/hot-reloader-webpack.js
- /Users/raos/Custom Code/personal-finance-platform/frontend/node_modules/next/dist/server/lib/router-utils/setup-dev-bundler.js
- /Users/raos/Custom Code/personal-finance-platform/frontend/node_modules/next/dist/server/lib/router-server.js
- /Users/raos/Custom Code/personal-finance-platform/frontend/node_modules/next/dist/server/lib/start-server.js
    at Module._resolveFilename (node:internal/modules/cjs/loader:1475:15)
    at /Users/raos/Custom Code/personal-finance-platform/frontend/node_modules/next/dist/server/require-hook.js:55:36
    at wrapResolveFilename (node:internal/modules/cjs/loader:1048:27)
    at defaultResolveImplForCJSLoading (node:internal/modules/cjs/loader:1072:10)
    at resolveForCJSWithHooks (node:internal/modules/cjs/loader:1093:12)
    at Module._load (node:internal/modules/cjs/loader:1261:25)
    at wrapModuleLoad (node:internal/modules/cjs/loader:255:19)
    at Module.require (node:internal/modules/cjs/loader:1575:12)
    at mod.require (/Users/raos/Custom Code/personal-finance-platform/frontend/node_modules/next/dist/server/require-hook.js:65:28)
    at require (node:internal/modules/helpers:191:16)
    at __webpack_require__.f.require (/Users/raos/Custom Code/personal-finance-platform/frontend/.next/server/webpack-runtime.js:198:28)
    at /Users/raos/Custom Code/personal-finance-platform/frontend/.next/server/webpack-runtime.js:111:40
    at Array.reduce (<anonymous>)
    at __webpack_require__.e (/Users/raos/Custom Code/personal-finance-platform/frontend/.next/server/webpack-runtime.js:110:67)
    at Array.map (<anonymous>)
    at __webpack_require__.X (/Users/raos/Custom Code/personal-finance-platform/frontend/.next/server/webpack-runtime.js:162:22)
    at /Users/raos/Custom Code/personal-finance-platform/frontend/.next/server/app/_not-found/page.js:1:3361
    at Object.<anonymous> (/Users/raos/Custom Code/personal-finance-platform/frontend/.next/server/app/_not-found/page.js:1:3402)
    at Module._compile (node:internal/modules/cjs/loader:1829:14)
    at Module._extensions..js (node:internal/modules/cjs/loader:1969:10)
    at Module.load (node:internal/modules/cjs/loader:1552:32)
    at Module._load (node:internal/modules/cjs/loader:1354:12)
    at wrapModuleLoad (node:internal/modules/cjs/loader:255:19)
    at Module.require (node:internal/modules/cjs/loader:1575:12)
    at mod.require (/Users/raos/Custom Code/personal-finance-platform/frontend/node_modules/next/dist/server/require-hook.js:65:28)
    at require (node:internal/modules/helpers:191:16)
    at requirePage (/Users/raos/Custom Code/personal-finance-platform/frontend/node_modules/next/dist/server/require.js:109:84)
    at /Users/raos/Custom Code/personal-finance-platform/frontend/node_modules/next/dist/server/load-components.js:103:84
    at async loadComponentsImpl (/Users/raos/Custom Code/personal-finance-platform/frontend/node_modules/next/dist/server/load-components.js:103:26)
    at async DevServer.findPageComponentsImpl (/Users/raos/Custom Code/personal-finance-platform/frontend/node_modules/next/dist/server/next-server.js:714:36)
    at async DevServer.findPageComponents (/Users/raos/Custom Code/personal-finance-platform/frontend/node_modules/next/dist/server/dev/next-dev-server.js:577:20)
    at async DevServer.renderErrorToResponseImpl (/Users/raos/Custom Code/personal-finance-platform/frontend/node_modules/next/dist/server/base-server.js:2090:30)
    at async pipe.req.req (/Users/raos/Custom Code/personal-finance-platform/frontend/node_modules/next/dist/server/base-server.js:2056:30)
    at async DevServer.pipeImpl (/Users/raos/Custom Code/personal-finance-platform/frontend/node_modules/next/dist/server/base-server.js:922:25)
    at async /Users/raos/Custom Code/personal-finance-platform/frontend/node_modules/next/dist/server/dev/next-dev-server.js:339:20
    at async Span.traceAsyncFn (/Users/raos/Custom Code/personal-finance-platform/frontend/node_modules/next/dist/trace/trace.js:154:20)
    at async DevServer.handleRequest (/Users/raos/Custom Code/personal-finance-platform/frontend/node_modules/next/dist/server/dev/next-dev-server.js:336:24)
    at async invokeRender (/Users/raos/Custom Code/personal-finance-platform/frontend/node_modules/next/dist/server/lib/router-server.js:179:21)
    at async handleRequest (/Users/raos/Custom Code/personal-finance-platform/frontend/node_modules/next/dist/server/lib/router-server.js:374:24)
    at async requestHandlerImpl (/Users/raos/Custom Code/personal-finance-platform/frontend/node_modules/next/dist/server/lib/router-server.js:383:13)
    at async Server.requestListener (/Users/raos/Custom Code/personal-finance-platform/frontend/node_modules/next/dist/server/lib/start-server.js:141:13) {
  code: 'MODULE_NOT_FOUND',
  requireStack: [
    '/Users/raos/Custom Code/personal-finance-platform/frontend/.next/server/webpack-runtime.js',
    '/Users/raos/Custom Code/personal-finance-platform/frontend/.next/server/app/dashboard/page.js',
    '/Users/raos/Custom Code/personal-finance-platform/frontend/node_modules/next/dist/server/require.js',
    '/Users/raos/Custom Code/personal-finance-platform/frontend/node_modules/next/dist/server/load-components.js',
    '/Users/raos/Custom Code/personal-finance-platform/frontend/node_modules/next/dist/build/utils.js',
    '/Users/raos/Custom Code/personal-finance-platform/frontend/node_modules/next/dist/server/dev/hot-middleware.js',
    '/Users/raos/Custom Code/personal-finance-platform/frontend/node_modules/next/dist/server/dev/hot-reloader-webpack.js',
    '/Users/raos/Custom Code/personal-finance-platform/frontend/node_modules/next/dist/server/lib/router-utils/setup-dev-bundler.js',
    '/Users/raos/Custom Code/personal-finance-platform/frontend/node_modules/next/dist/server/lib/router-server.js',
    '/Users/raos/Custom Code/personal-finance-platform/frontend/node_modules/next/dist/server/lib/start-server.js'
  ]
}
 ⨯ Error: Cannot find module './734.js'
Require stack:
- /Users/raos/Custom Code/personal-finance-platform/frontend/.next/server/webpack-runtime.js
- /Users/raos/Custom Code/personal-finance-platform/frontend/.next/server/app/dashboard/page.js
- /Users/raos/Custom Code/personal-finance-platform/frontend/node_modules/next/dist/server/require.js
- /Users/raos/Custom Code/personal-finance-platform/frontend/node_modules/next/dist/server/load-components.js
- /Users/raos/Custom Code/personal-finance-platform/frontend/node_modules/next/dist/build/utils.js
- /Users/raos/Custom Code/personal-finance-platform/frontend/node_modules/next/dist/server/dev/hot-middleware.js
- /Users/raos/Custom Code/personal-finance-platform/frontend/node_modules/next/dist/server/dev/hot-reloader-webpack.js
- /Users/raos/Custom Code/personal-finance-platform/frontend/node_modules/next/dist/server/lib/router-utils/setup-dev-bundler.js
- /Users/raos/Custom Code/personal-finance-platform/frontend/node_modules/next/dist/server/lib/router-server.js
- /Users/raos/Custom Code/personal-finance-platform/frontend/node_modules/next/dist/server/lib/start-server.js
    at Module._resolveFilename (node:internal/modules/cjs/loader:1475:15)
    at /Users/raos/Custom Code/personal-finance-platform/frontend/node_modules/next/dist/server/require-hook.js:55:36
    at wrapResolveFilename (node:internal/modules/cjs/loader:1048:27)
    at defaultResolveImplForCJSLoading (node:internal/modules/cjs/loader:1072:10)
    at resolveForCJSWithHooks (node:internal/modules/cjs/loader:1093:12)
    at Module._load (node:internal/modules/cjs/loader:1261:25)
    at wrapModuleLoad (node:internal/modules/cjs/loader:255:19)
    at Module.require (node:internal/modules/cjs/loader:1575:12)
    at mod.require (/Users/raos/Custom Code/personal-finance-platform/frontend/node_modules/next/dist/server/require-hook.js:65:28)
    at require (node:internal/modules/helpers:191:16)
    at __webpack_require__.f.require (/Users/raos/Custom Code/personal-finance-platform/frontend/.next/server/webpack-runtime.js:198:28)
    at /Users/raos/Custom Code/personal-finance-platform/frontend/.next/server/webpack-runtime.js:111:40
    at Array.reduce (<anonymous>)
    at __webpack_require__.e (/Users/raos/Custom Code/personal-finance-platform/frontend/.next/server/webpack-runtime.js:110:67)
    at Array.map (<anonymous>)
    at __webpack_require__.X (/Users/raos/Custom Code/personal-finance-platform/frontend/.next/server/webpack-runtime.js:162:22)
    at /Users/raos/Custom Code/personal-finance-platform/frontend/.next/server/app/_not-found/page.js:1:3361
    at Object.<anonymous> (/Users/raos/Custom Code/personal-finance-platform/frontend/.next/server/app/_not-found/page.js:1:3402)
    at Module._compile (node:internal/modules/cjs/loader:1829:14)
    at Module._extensions..js (node:internal/modules/cjs/loader:1969:10)
    at Module.load (node:internal/modules/cjs/loader:1552:32)
    at Module._load (node:internal/modules/cjs/loader:1354:12)
    at wrapModuleLoad (node:internal/modules/cjs/loader:255:19)
    at Module.require (node:internal/modules/cjs/loader:1575:12)
    at mod.require (/Users/raos/Custom Code/personal-finance-platform/frontend/node_modules/next/dist/server/require-hook.js:65:28)
    at require (node:internal/modules/helpers:191:16)
    at requirePage (/Users/raos/Custom Code/personal-finance-platform/frontend/node_modules/next/dist/server/require.js:109:84)
    at /Users/raos/Custom Code/personal-finance-platform/frontend/node_modules/next/dist/server/load-components.js:103:84
    at async loadComponentsImpl (/Users/raos/Custom Code/personal-finance-platform/frontend/node_modules/next/dist/server/load-components.js:103:26)
    at async DevServer.findPageComponentsImpl (/Users/raos/Custom Code/personal-finance-platform/frontend/node_modules/next/dist/server/next-server.js:714:36)
    at async DevServer.findPageComponents (/Users/raos/Custom Code/personal-finance-platform/frontend/node_modules/next/dist/server/dev/next-dev-server.js:577:20)
    at async DevServer.renderErrorToResponseImpl (/Users/raos/Custom Code/personal-finance-platform/frontend/node_modules/next/dist/server/base-server.js:2090:30)
    at async pipe.req.req (/Users/raos/Custom Code/personal-finance-platform/frontend/node_modules/next/dist/server/base-server.js:2056:30)
    at async DevServer.pipeImpl (/Users/raos/Custom Code/personal-finance-platform/frontend/node_modules/next/dist/server/base-server.js:922:25)
    at async /Users/raos/Custom Code/personal-finance-platform/frontend/node_modules/next/dist/server/dev/next-dev-server.js:339:20
    at async Span.traceAsyncFn (/Users/raos/Custom Code/personal-finance-platform/frontend/node_modules/next/dist/trace/trace.js:154:20)
    at async DevServer.handleRequest (/Users/raos/Custom Code/personal-finance-platform/frontend/node_modules/next/dist/server/dev/next-dev-server.js:336:24)
    at async invokeRender (/Users/raos/Custom Code/personal-finance-platform/frontend/node_modules/next/dist/server/lib/router-server.js:179:21)
    at async handleRequest (/Users/raos/Custom Code/personal-finance-platform/frontend/node_modules/next/dist/server/lib/router-server.js:374:24)
    at async requestHandlerImpl (/Users/raos/Custom Code/personal-finance-platform/frontend/node_modules/next/dist/server/lib/router-server.js:383:13)
    at async Server.requestListener (/Users/raos/Custom Code/personal-finance-platform/frontend/node_modules/next/dist/server/lib/start-server.js:141:13) {
  code: 'MODULE_NOT_FOUND',
  requireStack: [
    '/Users/raos/Custom Code/personal-finance-platform/frontend/.next/server/webpack-runtime.js',
    '/Users/raos/Custom Code/personal-finance-platform/frontend/.next/server/app/dashboard/page.js',
    '/Users/raos/Custom Code/personal-finance-platform/frontend/node_modules/next/dist/server/require.js',
    '/Users/raos/Custom Code/personal-finance-platform/frontend/node_modules/next/dist/server/load-components.js',
    '/Users/raos/Custom Code/personal-finance-platform/frontend/node_modules/next/dist/build/utils.js',
    '/Users/raos/Custom Code/personal-finance-platform/frontend/node_modules/next/dist/server/dev/hot-middleware.js',
    '/Users/raos/Custom Code/personal-finance-platform/frontend/node_modules/next/dist/server/dev/hot-reloader-webpack.js',
    '/Users/raos/Custom Code/personal-finance-platform/frontend/node_modules/next/dist/server/lib/router-utils/setup-dev-bundler.js',
    '/Users/raos/Custom Code/personal-finance-platform/frontend/node_modules/next/dist/server/lib/router-server.js',
    '/Users/raos/Custom Code/personal-finance-platform/frontend/node_modules/next/dist/server/lib/start-server.js'
  ]
}
 GET /_next/static/css/app/layout.css?v=1778196579674 500 in 10ms
 GET /_next/static/chunks/webpack.js?v=1778196579674 500 in 9ms
 GET /_next/static/chunks/main-app.js?v=1778196579674 500 in 9ms
 GET /_next/static/chunks/app-pages-internals.js 500 in 9ms
 ⨯ Error: Cannot find module './734.js'
Require stack:
- /Users/raos/Custom Code/personal-finance-platform/frontend/.next/server/webpack-runtime.js
- /Users/raos/Custom Code/personal-finance-platform/frontend/.next/server/app/dashboard/page.js
- /Users/raos/Custom Code/personal-finance-platform/frontend/node_modules/next/dist/server/require.js
- /Users/raos/Custom Code/personal-finance-platform/frontend/node_modules/next/dist/server/load-components.js
- /Users/raos/Custom Code/personal-finance-platform/frontend/node_modules/next/dist/build/utils.js
- /Users/raos/Custom Code/personal-finance-platform/frontend/node_modules/next/dist/server/dev/hot-middleware.js
- /Users/raos/Custom Code/personal-finance-platform/frontend/node_modules/next/dist/server/dev/hot-reloader-webpack.js
- /Users/raos/Custom Code/personal-finance-platform/frontend/node_modules/next/dist/server/lib/router-utils/setup-dev-bundler.js
- /Users/raos/Custom Code/personal-finance-platform/frontend/node_modules/next/dist/server/lib/router-server.js
- /Users/raos/Custom Code/personal-finance-platform/frontend/node_modules/next/dist/server/lib/start-server.js
    at Module._resolveFilename (node:internal/modules/cjs/loader:1475:15)
    at /Users/raos/Custom Code/personal-finance-platform/frontend/node_modules/next/dist/server/require-hook.js:55:36
    at wrapResolveFilename (node:internal/modules/cjs/loader:1048:27)
    at defaultResolveImplForCJSLoading (node:internal/modules/cjs/loader:1072:10)
    at resolveForCJSWithHooks (node:internal/modules/cjs/loader:1093:12)
    at Module._load (node:internal/modules/cjs/loader:1261:25)
    at wrapModuleLoad (node:internal/modules/cjs/loader:255:19)
    at Module.require (node:internal/modules/cjs/loader:1575:12)
    at mod.require (/Users/raos/Custom Code/personal-finance-platform/frontend/node_modules/next/dist/server/require-hook.js:65:28)
    at require (node:internal/modules/helpers:191:16)
    at __webpack_require__.f.require (/Users/raos/Custom Code/personal-finance-platform/frontend/.next/server/webpack-runtime.js:198:28)
    at /Users/raos/Custom Code/personal-finance-platform/frontend/.next/server/webpack-runtime.js:111:40
    at Array.reduce (<anonymous>)
    at __webpack_require__.e (/Users/raos/Custom Code/personal-finance-platform/frontend/.next/server/webpack-runtime.js:110:67)
    at Array.map (<anonymous>)
    at __webpack_require__.X (/Users/raos/Custom Code/personal-finance-platform/frontend/.next/server/webpack-runtime.js:162:22)
    at /Users/raos/Custom Code/personal-finance-platform/frontend/.next/server/app/_not-found/page.js:1:3361
    at Object.<anonymous> (/Users/raos/Custom Code/personal-finance-platform/frontend/.next/server/app/_not-found/page.js:1:3402)
    at Module._compile (node:internal/modules/cjs/loader:1829:14)
    at Module._extensions..js (node:internal/modules/cjs/loader:1969:10)
    at Module.load (node:internal/modules/cjs/loader:1552:32)
    at Module._load (node:internal/modules/cjs/loader:1354:12)
    at wrapModuleLoad (node:internal/modules/cjs/loader:255:19)
    at Module.require (node:internal/modules/cjs/loader:1575:12)
    at mod.require (/Users/raos/Custom Code/personal-finance-platform/frontend/node_modules/next/dist/server/require-hook.js:65:28)
    at require (node:internal/modules/helpers:191:16)
    at requirePage (/Users/raos/Custom Code/personal-finance-platform/frontend/node_modules/next/dist/server/require.js:109:84)
    at /Users/raos/Custom Code/personal-finance-platform/frontend/node_modules/next/dist/server/load-components.js:103:84
    at async loadComponentsImpl (/Users/raos/Custom Code/personal-finance-platform/frontend/node_modules/next/dist/server/load-components.js:103:26)
    at async DevServer.findPageComponentsImpl (/Users/raos/Custom Code/personal-finance-platform/frontend/node_modules/next/dist/server/next-server.js:714:36)
    at async DevServer.findPageComponents (/Users/raos/Custom Code/personal-finance-platform/frontend/node_modules/next/dist/server/dev/next-dev-server.js:577:20)
    at async DevServer.renderErrorToResponseImpl (/Users/raos/Custom Code/personal-finance-platform/frontend/node_modules/next/dist/server/base-server.js:2090:30)
    at async pipe.req.req (/Users/raos/Custom Code/personal-finance-platform/frontend/node_modules/next/dist/server/base-server.js:2056:30)
    at async DevServer.pipeImpl (/Users/raos/Custom Code/personal-finance-platform/frontend/node_modules/next/dist/server/base-server.js:922:25)
    at async /Users/raos/Custom Code/personal-finance-platform/frontend/node_modules/next/dist/server/dev/next-dev-server.js:339:20
    at async Span.traceAsyncFn (/Users/raos/Custom Code/personal-finance-platform/frontend/node_modules/next/dist/trace/trace.js:154:20)
    at async DevServer.handleRequest (/Users/raos/Custom Code/personal-finance-platform/frontend/node_modules/next/dist/server/dev/next-dev-server.js:336:24)
    at async invokeRender (/Users/raos/Custom Code/personal-finance-platform/frontend/node_modules/next/dist/server/lib/router-server.js:179:21)
    at async handleRequest (/Users/raos/Custom Code/personal-finance-platform/frontend/node_modules/next/dist/server/lib/router-server.js:374:24)
    at async requestHandlerImpl (/Users/raos/Custom Code/personal-finance-platform/frontend/node_modules/next/dist/server/lib/router-server.js:383:13)
    at async Server.requestListener (/Users/raos/Custom Code/personal-finance-platform/frontend/node_modules/next/dist/server/lib/start-server.js:141:13) {
  code: 'MODULE_NOT_FOUND',
  requireStack: [
    '/Users/raos/Custom Code/personal-finance-platform/frontend/.next/server/webpack-runtime.js',
    '/Users/raos/Custom Code/personal-finance-platform/frontend/.next/server/app/dashboard/page.js',
    '/Users/raos/Custom Code/personal-finance-platform/frontend/node_modules/next/dist/server/require.js',
    '/Users/raos/Custom Code/personal-finance-platform/frontend/node_modules/next/dist/server/load-components.js',
    '/Users/raos/Custom Code/personal-finance-platform/frontend/node_modules/next/dist/build/utils.js',
    '/Users/raos/Custom Code/personal-finance-platform/frontend/node_modules/next/dist/server/dev/hot-middleware.js',
    '/Users/raos/Custom Code/personal-finance-platform/frontend/node_modules/next/dist/server/dev/hot-reloader-webpack.js',
    '/Users/raos/Custom Code/personal-finance-platform/frontend/node_modules/next/dist/server/lib/router-utils/setup-dev-bundler.js',
    '/Users/raos/Custom Code/personal-finance-platform/frontend/node_modules/next/dist/server/lib/router-server.js',
    '/Users/raos/Custom Code/personal-finance-platform/frontend/node_modules/next/dist/server/lib/start-server.js'
  ]
}
 GET /_next/static/chunks/app/dashboard/page.js 500 in 10ms
 GET /dashboard 200 in 21ms
 ⨯ Error: Cannot find module './734.js'
Require stack:
- /Users/raos/Custom Code/personal-finance-platform/frontend/.next/server/webpack-runtime.js
- /Users/raos/Custom Code/personal-finance-platform/frontend/.next/server/app/dashboard/page.js
- /Users/raos/Custom Code/personal-finance-platform/frontend/node_modules/next/dist/server/require.js
- /Users/raos/Custom Code/personal-finance-platform/frontend/node_modules/next/dist/server/load-components.js
- /Users/raos/Custom Code/personal-finance-platform/frontend/node_modules/next/dist/build/utils.js
- /Users/raos/Custom Code/personal-finance-platform/frontend/node_modules/next/dist/server/dev/hot-middleware.js
- /Users/raos/Custom Code/personal-finance-platform/frontend/node_modules/next/dist/server/dev/hot-reloader-webpack.js
- /Users/raos/Custom Code/personal-finance-platform/frontend/node_modules/next/dist/server/lib/router-utils/setup-dev-bundler.js
- /Users/raos/Custom Code/personal-finance-platform/frontend/node_modules/next/dist/server/lib/router-server.js
- /Users/raos/Custom Code/personal-finance-platform/frontend/node_modules/next/dist/server/lib/start-server.js
    at Module._resolveFilename (node:internal/modules/cjs/loader:1475:15)
    at /Users/raos/Custom Code/personal-finance-platform/frontend/node_modules/next/dist/server/require-hook.js:55:36
    at wrapResolveFilename (node:internal/modules/cjs/loader:1048:27)
    at defaultResolveImplForCJSLoading (node:internal/modules/cjs/loader:1072:10)
    at resolveForCJSWithHooks (node:internal/modules/cjs/loader:1093:12)
    at Module._load (node:internal/modules/cjs/loader:1261:25)
    at wrapModuleLoad (node:internal/modules/cjs/loader:255:19)
    at Module.require (node:internal/modules/cjs/loader:1575:12)
    at mod.require (/Users/raos/Custom Code/personal-finance-platform/frontend/node_modules/next/dist/server/require-hook.js:65:28)
    at require (node:internal/modules/helpers:191:16)
    at __webpack_require__.f.require (/Users/raos/Custom Code/personal-finance-platform/frontend/.next/server/webpack-runtime.js:198:28)
    at /Users/raos/Custom Code/personal-finance-platform/frontend/.next/server/webpack-runtime.js:111:40
    at Array.reduce (<anonymous>)
    at __webpack_require__.e (/Users/raos/Custom Code/personal-finance-platform/frontend/.next/server/webpack-runtime.js:110:67)
    at Array.map (<anonymous>)
    at __webpack_require__.X (/Users/raos/Custom Code/personal-finance-platform/frontend/.next/server/webpack-runtime.js:162:22)
    at /Users/raos/Custom Code/personal-finance-platform/frontend/.next/server/app/_not-found/page.js:1:3361
    at Object.<anonymous> (/Users/raos/Custom Code/personal-finance-platform/frontend/.next/server/app/_not-found/page.js:1:3402)
    at Module._compile (node:internal/modules/cjs/loader:1829:14)
    at Module._extensions..js (node:internal/modules/cjs/loader:1969:10)
    at Module.load (node:internal/modules/cjs/loader:1552:32)
    at Module._load (node:internal/modules/cjs/loader:1354:12)
    at wrapModuleLoad (node:internal/modules/cjs/loader:255:19)
    at Module.require (node:internal/modules/cjs/loader:1575:12)
    at mod.require (/Users/raos/Custom Code/personal-finance-platform/frontend/node_modules/next/dist/server/require-hook.js:65:28)
    at require (node:internal/modules/helpers:191:16)
    at requirePage (/Users/raos/Custom Code/personal-finance-platform/frontend/node_modules/next/dist/server/require.js:109:84)
    at /Users/raos/Custom Code/personal-finance-platform/frontend/node_modules/next/dist/server/load-components.js:103:84
    at async loadComponentsImpl (/Users/raos/Custom Code/personal-finance-platform/frontend/node_modules/next/dist/server/load-components.js:103:26)
    at async DevServer.findPageComponentsImpl (/Users/raos/Custom Code/personal-finance-platform/frontend/node_modules/next/dist/server/next-server.js:714:36)
    at async DevServer.findPageComponents (/Users/raos/Custom Code/personal-finance-platform/frontend/node_modules/next/dist/server/dev/next-dev-server.js:577:20)
    at async DevServer.renderErrorToResponseImpl (/Users/raos/Custom Code/personal-finance-platform/frontend/node_modules/next/dist/server/base-server.js:2090:30)
    at async pipe.req.req (/Users/raos/Custom Code/personal-finance-platform/frontend/node_modules/next/dist/server/base-server.js:2056:30)
    at async DevServer.pipeImpl (/Users/raos/Custom Code/personal-finance-platform/frontend/node_modules/next/dist/server/base-server.js:922:25)
    at async /Users/raos/Custom Code/personal-finance-platform/frontend/node_modules/next/dist/server/dev/next-dev-server.js:339:20
    at async Span.traceAsyncFn (/Users/raos/Custom Code/personal-finance-platform/frontend/node_modules/next/dist/trace/trace.js:154:20)
    at async DevServer.handleRequest (/Users/raos/Custom Code/personal-finance-platform/frontend/node_modules/next/dist/server/dev/next-dev-server.js:336:24)
    at async invokeRender (/Users/raos/Custom Code/personal-finance-platform/frontend/node_modules/next/dist/server/lib/router-server.js:179:21)
    at async handleRequest (/Users/raos/Custom Code/personal-finance-platform/frontend/node_modules/next/dist/server/lib/router-server.js:374:24)
    at async requestHandlerImpl (/Users/raos/Custom Code/personal-finance-platform/frontend/node_modules/next/dist/server/lib/router-server.js:383:13)
    at async Server.requestListener (/Users/raos/Custom Code/personal-finance-platform/frontend/node_modules/next/dist/server/lib/start-server.js:141:13) {
  code: 'MODULE_NOT_FOUND',
  requireStack: [
    '/Users/raos/Custom Code/personal-finance-platform/frontend/.next/server/webpack-runtime.js',
    '/Users/raos/Custom Code/personal-finance-platform/frontend/.next/server/app/dashboard/page.js',
    '/Users/raos/Custom Code/personal-finance-platform/frontend/node_modules/next/dist/server/require.js',
    '/Users/raos/Custom Code/personal-finance-platform/frontend/node_modules/next/dist/server/load-components.js',
    '/Users/raos/Custom Code/personal-finance-platform/frontend/node_modules/next/dist/build/utils.js',
    '/Users/raos/Custom Code/personal-finance-platform/frontend/node_modules/next/dist/server/dev/hot-middleware.js',
    '/Users/raos/Custom Code/personal-finance-platform/frontend/node_modules/next/dist/server/dev/hot-reloader-webpack.js',
    '/Users/raos/Custom Code/personal-finance-platform/frontend/node_modules/next/dist/server/lib/router-utils/setup-dev-bundler.js',
    '/Users/raos/Custom Code/personal-finance-platform/frontend/node_modules/next/dist/server/lib/router-server.js',
    '/Users/raos/Custom Code/personal-finance-platform/frontend/node_modules/next/dist/server/lib/start-server.js'
  ]
}
 GET /_next/static/css/app/layout.css?v=1778196647182 500 in 19ms
 ⨯ Error: Cannot find module './734.js'
Require stack:
- /Users/raos/Custom Code/personal-finance-platform/frontend/.next/server/webpack-runtime.js
- /Users/raos/Custom Code/personal-finance-platform/frontend/.next/server/app/dashboard/page.js
- /Users/raos/Custom Code/personal-finance-platform/frontend/node_modules/next/dist/server/require.js
- /Users/raos/Custom Code/personal-finance-platform/frontend/node_modules/next/dist/server/load-components.js
- /Users/raos/Custom Code/personal-finance-platform/frontend/node_modules/next/dist/build/utils.js
- /Users/raos/Custom Code/personal-finance-platform/frontend/node_modules/next/dist/server/dev/hot-middleware.js
- /Users/raos/Custom Code/personal-finance-platform/frontend/node_modules/next/dist/server/dev/hot-reloader-webpack.js
- /Users/raos/Custom Code/personal-finance-platform/frontend/node_modules/next/dist/server/lib/router-utils/setup-dev-bundler.js
- /Users/raos/Custom Code/personal-finance-platform/frontend/node_modules/next/dist/server/lib/router-server.js
- /Users/raos/Custom Code/personal-finance-platform/frontend/node_modules/next/dist/server/lib/start-server.js
    at Module._resolveFilename (node:internal/modules/cjs/loader:1475:15)
    at /Users/raos/Custom Code/personal-finance-platform/frontend/node_modules/next/dist/server/require-hook.js:55:36
    at wrapResolveFilename (node:internal/modules/cjs/loader:1048:27)
    at defaultResolveImplForCJSLoading (node:internal/modules/cjs/loader:1072:10)
    at resolveForCJSWithHooks (node:internal/modules/cjs/loader:1093:12)
    at Module._load (node:internal/modules/cjs/loader:1261:25)
    at wrapModuleLoad (node:internal/modules/cjs/loader:255:19)
    at Module.require (node:internal/modules/cjs/loader:1575:12)
    at mod.require (/Users/raos/Custom Code/personal-finance-platform/frontend/node_modules/next/dist/server/require-hook.js:65:28)
    at require (node:internal/modules/helpers:191:16)
    at __webpack_require__.f.require (/Users/raos/Custom Code/personal-finance-platform/frontend/.next/server/webpack-runtime.js:198:28)
    at /Users/raos/Custom Code/personal-finance-platform/frontend/.next/server/webpack-runtime.js:111:40
    at Array.reduce (<anonymous>)
    at __webpack_require__.e (/Users/raos/Custom Code/personal-finance-platform/frontend/.next/server/webpack-runtime.js:110:67)
    at Array.map (<anonymous>)
    at __webpack_require__.X (/Users/raos/Custom Code/personal-finance-platform/frontend/.next/server/webpack-runtime.js:162:22)
    at /Users/raos/Custom Code/personal-finance-platform/frontend/.next/server/app/_not-found/page.js:1:3361
    at Object.<anonymous> (/Users/raos/Custom Code/personal-finance-platform/frontend/.next/server/app/_not-found/page.js:1:3402)
    at Module._compile (node:internal/modules/cjs/loader:1829:14)
    at Module._extensions..js (node:internal/modules/cjs/loader:1969:10)
    at Module.load (node:internal/modules/cjs/loader:1552:32)
    at Module._load (node:internal/modules/cjs/loader:1354:12)
    at wrapModuleLoad (node:internal/modules/cjs/loader:255:19)
    at Module.require (node:internal/modules/cjs/loader:1575:12)
    at mod.require (/Users/raos/Custom Code/personal-finance-platform/frontend/node_modules/next/dist/server/require-hook.js:65:28)
    at require (node:internal/modules/helpers:191:16)
    at requirePage (/Users/raos/Custom Code/personal-finance-platform/frontend/node_modules/next/dist/server/require.js:109:84)
    at /Users/raos/Custom Code/personal-finance-platform/frontend/node_modules/next/dist/server/load-components.js:103:84
    at async loadComponentsImpl (/Users/raos/Custom Code/personal-finance-platform/frontend/node_modules/next/dist/server/load-components.js:103:26)
    at async DevServer.findPageComponentsImpl (/Users/raos/Custom Code/personal-finance-platform/frontend/node_modules/next/dist/server/next-server.js:714:36)
    at async DevServer.findPageComponents (/Users/raos/Custom Code/personal-finance-platform/frontend/node_modules/next/dist/server/dev/next-dev-server.js:577:20)
    at async DevServer.renderErrorToResponseImpl (/Users/raos/Custom Code/personal-finance-platform/frontend/node_modules/next/dist/server/base-server.js:2090:30)
    at async pipe.req.req (/Users/raos/Custom Code/personal-finance-platform/frontend/node_modules/next/dist/server/base-server.js:2056:30)
    at async DevServer.pipeImpl (/Users/raos/Custom Code/personal-finance-platform/frontend/node_modules/next/dist/server/base-server.js:922:25)
    at async /Users/raos/Custom Code/personal-finance-platform/frontend/node_modules/next/dist/server/dev/next-dev-server.js:339:20
    at async Span.traceAsyncFn (/Users/raos/Custom Code/personal-finance-platform/frontend/node_modules/next/dist/trace/trace.js:154:20)
    at async DevServer.handleRequest (/Users/raos/Custom Code/personal-finance-platform/frontend/node_modules/next/dist/server/dev/next-dev-server.js:336:24)
    at async invokeRender (/Users/raos/Custom Code/personal-finance-platform/frontend/node_modules/next/dist/server/lib/router-server.js:179:21)
    at async handleRequest (/Users/raos/Custom Code/personal-finance-platform/frontend/node_modules/next/dist/server/lib/router-server.js:374:24)
    at async requestHandlerImpl (/Users/raos/Custom Code/personal-finance-platform/frontend/node_modules/next/dist/server/lib/router-server.js:383:13)
    at async Server.requestListener (/Users/raos/Custom Code/personal-finance-platform/frontend/node_modules/next/dist/server/lib/start-server.js:141:13) {
  code: 'MODULE_NOT_FOUND',
  requireStack: [
    '/Users/raos/Custom Code/personal-finance-platform/frontend/.next/server/webpack-runtime.js',
    '/Users/raos/Custom Code/personal-finance-platform/frontend/.next/server/app/dashboard/page.js',
    '/Users/raos/Custom Code/personal-finance-platform/frontend/node_modules/next/dist/server/require.js',
    '/Users/raos/Custom Code/personal-finance-platform/frontend/node_modules/next/dist/server/load-components.js',
    '/Users/raos/Custom Code/personal-finance-platform/frontend/node_modules/next/dist/build/utils.js',
    '/Users/raos/Custom Code/personal-finance-platform/frontend/node_modules/next/dist/server/dev/hot-middleware.js',
    '/Users/raos/Custom Code/personal-finance-platform/frontend/node_modules/next/dist/server/dev/hot-reloader-webpack.js',
    '/Users/raos/Custom Code/personal-finance-platform/frontend/node_modules/next/dist/server/lib/router-utils/setup-dev-bundler.js',
    '/Users/raos/Custom Code/personal-finance-platform/frontend/node_modules/next/dist/server/lib/router-server.js',
    '/Users/raos/Custom Code/personal-finance-platform/frontend/node_modules/next/dist/server/lib/start-server.js'
  ]
}
 ⨯ Error: Cannot find module './734.js'
Require stack:
- /Users/raos/Custom Code/personal-finance-platform/frontend/.next/server/webpack-runtime.js
- /Users/raos/Custom Code/personal-finance-platform/frontend/.next/server/app/dashboard/page.js
- /Users/raos/Custom Code/personal-finance-platform/frontend/node_modules/next/dist/server/require.js
- /Users/raos/Custom Code/personal-finance-platform/frontend/node_modules/next/dist/server/load-components.js
- /Users/raos/Custom Code/personal-finance-platform/frontend/node_modules/next/dist/build/utils.js
- /Users/raos/Custom Code/personal-finance-platform/frontend/node_modules/next/dist/server/dev/hot-middleware.js
- /Users/raos/Custom Code/personal-finance-platform/frontend/node_modules/next/dist/server/dev/hot-reloader-webpack.js
- /Users/raos/Custom Code/personal-finance-platform/frontend/node_modules/next/dist/server/lib/router-utils/setup-dev-bundler.js
- /Users/raos/Custom Code/personal-finance-platform/frontend/node_modules/next/dist/server/lib/router-server.js
- /Users/raos/Custom Code/personal-finance-platform/frontend/node_modules/next/dist/server/lib/start-server.js
    at Module._resolveFilename (node:internal/modules/cjs/loader:1475:15)
    at /Users/raos/Custom Code/personal-finance-platform/frontend/node_modules/next/dist/server/require-hook.js:55:36
    at wrapResolveFilename (node:internal/modules/cjs/loader:1048:27)
    at defaultResolveImplForCJSLoading (node:internal/modules/cjs/loader:1072:10)
    at resolveForCJSWithHooks (node:internal/modules/cjs/loader:1093:12)
    at Module._load (node:internal/modules/cjs/loader:1261:25)
    at wrapModuleLoad (node:internal/modules/cjs/loader:255:19)
    at Module.require (node:internal/modules/cjs/loader:1575:12)
    at mod.require (/Users/raos/Custom Code/personal-finance-platform/frontend/node_modules/next/dist/server/require-hook.js:65:28)
    at require (node:internal/modules/helpers:191:16)
    at __webpack_require__.f.require (/Users/raos/Custom Code/personal-finance-platform/frontend/.next/server/webpack-runtime.js:198:28)
    at /Users/raos/Custom Code/personal-finance-platform/frontend/.next/server/webpack-runtime.js:111:40
    at Array.reduce (<anonymous>)
    at __webpack_require__.e (/Users/raos/Custom Code/personal-finance-platform/frontend/.next/server/webpack-runtime.js:110:67)
    at Array.map (<anonymous>)
    at __webpack_require__.X (/Users/raos/Custom Code/personal-finance-platform/frontend/.next/server/webpack-runtime.js:162:22)
    at /Users/raos/Custom Code/personal-finance-platform/frontend/.next/server/app/_not-found/page.js:1:3361
    at Object.<anonymous> (/Users/raos/Custom Code/personal-finance-platform/frontend/.next/server/app/_not-found/page.js:1:3402)
    at Module._compile (node:internal/modules/cjs/loader:1829:14)
    at Module._extensions..js (node:internal/modules/cjs/loader:1969:10)
    at Module.load (node:internal/modules/cjs/loader:1552:32)
    at Module._load (node:internal/modules/cjs/loader:1354:12)
    at wrapModuleLoad (node:internal/modules/cjs/loader:255:19)
    at Module.require (node:internal/modules/cjs/loader:1575:12)
    at mod.require (/Users/raos/Custom Code/personal-finance-platform/frontend/node_modules/next/dist/server/require-hook.js:65:28)
    at require (node:internal/modules/helpers:191:16)
    at requirePage (/Users/raos/Custom Code/personal-finance-platform/frontend/node_modules/next/dist/server/require.js:109:84)
    at /Users/raos/Custom Code/personal-finance-platform/frontend/node_modules/next/dist/server/load-components.js:103:84
    at async loadComponentsImpl (/Users/raos/Custom Code/personal-finance-platform/frontend/node_modules/next/dist/server/load-components.js:103:26)
    at async DevServer.findPageComponentsImpl (/Users/raos/Custom Code/personal-finance-platform/frontend/node_modules/next/dist/server/next-server.js:714:36)
    at async DevServer.findPageComponents (/Users/raos/Custom Code/personal-finance-platform/frontend/node_modules/next/dist/server/dev/next-dev-server.js:577:20)
    at async DevServer.renderErrorToResponseImpl (/Users/raos/Custom Code/personal-finance-platform/frontend/node_modules/next/dist/server/base-server.js:2090:30)
    at async pipe.req.req (/Users/raos/Custom Code/personal-finance-platform/frontend/node_modules/next/dist/server/base-server.js:2056:30)
    at async DevServer.pipeImpl (/Users/raos/Custom Code/personal-finance-platform/frontend/node_modules/next/dist/server/base-server.js:922:25)
    at async /Users/raos/Custom Code/personal-finance-platform/frontend/node_modules/next/dist/server/dev/next-dev-server.js:339:20
    at async Span.traceAsyncFn (/Users/raos/Custom Code/personal-finance-platform/frontend/node_modules/next/dist/trace/trace.js:154:20)
    at async DevServer.handleRequest (/Users/raos/Custom Code/personal-finance-platform/frontend/node_modules/next/dist/server/dev/next-dev-server.js:336:24)
    at async invokeRender (/Users/raos/Custom Code/personal-finance-platform/frontend/node_modules/next/dist/server/lib/router-server.js:179:21)
    at async handleRequest (/Users/raos/Custom Code/personal-finance-platform/frontend/node_modules/next/dist/server/lib/router-server.js:374:24)
    at async requestHandlerImpl (/Users/raos/Custom Code/personal-finance-platform/frontend/node_modules/next/dist/server/lib/router-server.js:383:13)
    at async Server.requestListener (/Users/raos/Custom Code/personal-finance-platform/frontend/node_modules/next/dist/server/lib/start-server.js:141:13) {
  code: 'MODULE_NOT_FOUND',
  requireStack: [
    '/Users/raos/Custom Code/personal-finance-platform/frontend/.next/server/webpack-runtime.js',
    '/Users/raos/Custom Code/personal-finance-platform/frontend/.next/server/app/dashboard/page.js',
    '/Users/raos/Custom Code/personal-finance-platform/frontend/node_modules/next/dist/server/require.js',
    '/Users/raos/Custom Code/personal-finance-platform/frontend/node_modules/next/dist/server/load-components.js',
    '/Users/raos/Custom Code/personal-finance-platform/frontend/node_modules/next/dist/build/utils.js',
    '/Users/raos/Custom Code/personal-finance-platform/frontend/node_modules/next/dist/server/dev/hot-middleware.js',
    '/Users/raos/Custom Code/personal-finance-platform/frontend/node_modules/next/dist/server/dev/hot-reloader-webpack.js',
    '/Users/raos/Custom Code/personal-finance-platform/frontend/node_modules/next/dist/server/lib/router-utils/setup-dev-bundler.js',
    '/Users/raos/Custom Code/personal-finance-platform/frontend/node_modules/next/dist/server/lib/router-server.js',
    '/Users/raos/Custom Code/personal-finance-platform/frontend/node_modules/next/dist/server/lib/start-server.js'
  ]
}
 ⨯ Error: Cannot find module './734.js'
Require stack:
- /Users/raos/Custom Code/personal-finance-platform/frontend/.next/server/webpack-runtime.js
- /Users/raos/Custom Code/personal-finance-platform/frontend/.next/server/app/dashboard/page.js
- /Users/raos/Custom Code/personal-finance-platform/frontend/node_modules/next/dist/server/require.js
- /Users/raos/Custom Code/personal-finance-platform/frontend/node_modules/next/dist/server/load-components.js
- /Users/raos/Custom Code/personal-finance-platform/frontend/node_modules/next/dist/build/utils.js
- /Users/raos/Custom Code/personal-finance-platform/frontend/node_modules/next/dist/server/dev/hot-middleware.js
- /Users/raos/Custom Code/personal-finance-platform/frontend/node_modules/next/dist/server/dev/hot-reloader-webpack.js
- /Users/raos/Custom Code/personal-finance-platform/frontend/node_modules/next/dist/server/lib/router-utils/setup-dev-bundler.js
- /Users/raos/Custom Code/personal-finance-platform/frontend/node_modules/next/dist/server/lib/router-server.js
- /Users/raos/Custom Code/personal-finance-platform/frontend/node_modules/next/dist/server/lib/start-server.js
    at Module._resolveFilename (node:internal/modules/cjs/loader:1475:15)
    at /Users/raos/Custom Code/personal-finance-platform/frontend/node_modules/next/dist/server/require-hook.js:55:36
    at wrapResolveFilename (node:internal/modules/cjs/loader:1048:27)
    at defaultResolveImplForCJSLoading (node:internal/modules/cjs/loader:1072:10)
    at resolveForCJSWithHooks (node:internal/modules/cjs/loader:1093:12)
    at Module._load (node:internal/modules/cjs/loader:1261:25)
    at wrapModuleLoad (node:internal/modules/cjs/loader:255:19)
    at Module.require (node:internal/modules/cjs/loader:1575:12)
    at mod.require (/Users/raos/Custom Code/personal-finance-platform/frontend/node_modules/next/dist/server/require-hook.js:65:28)
    at require (node:internal/modules/helpers:191:16)
    at __webpack_require__.f.require (/Users/raos/Custom Code/personal-finance-platform/frontend/.next/server/webpack-runtime.js:198:28)
    at /Users/raos/Custom Code/personal-finance-platform/frontend/.next/server/webpack-runtime.js:111:40
    at Array.reduce (<anonymous>)
    at __webpack_require__.e (/Users/raos/Custom Code/personal-finance-platform/frontend/.next/server/webpack-runtime.js:110:67)
    at Array.map (<anonymous>)
    at __webpack_require__.X (/Users/raos/Custom Code/personal-finance-platform/frontend/.next/server/webpack-runtime.js:162:22)
    at /Users/raos/Custom Code/personal-finance-platform/frontend/.next/server/app/_not-found/page.js:1:3361
    at Object.<anonymous> (/Users/raos/Custom Code/personal-finance-platform/frontend/.next/server/app/_not-found/page.js:1:3402)
    at Module._compile (node:internal/modules/cjs/loader:1829:14)
    at Module._extensions..js (node:internal/modules/cjs/loader:1969:10)
    at Module.load (node:internal/modules/cjs/loader:1552:32)
    at Module._load (node:internal/modules/cjs/loader:1354:12)
    at wrapModuleLoad (node:internal/modules/cjs/loader:255:19)
    at Module.require (node:internal/modules/cjs/loader:1575:12)
    at mod.require (/Users/raos/Custom Code/personal-finance-platform/frontend/node_modules/next/dist/server/require-hook.js:65:28)
    at require (node:internal/modules/helpers:191:16)
    at requirePage (/Users/raos/Custom Code/personal-finance-platform/frontend/node_modules/next/dist/server/require.js:109:84)
    at /Users/raos/Custom Code/personal-finance-platform/frontend/node_modules/next/dist/server/load-components.js:103:84
    at async loadComponentsImpl (/Users/raos/Custom Code/personal-finance-platform/frontend/node_modules/next/dist/server/load-components.js:103:26)
    at async DevServer.findPageComponentsImpl (/Users/raos/Custom Code/personal-finance-platform/frontend/node_modules/next/dist/server/next-server.js:714:36)
    at async DevServer.findPageComponents (/Users/raos/Custom Code/personal-finance-platform/frontend/node_modules/next/dist/server/dev/next-dev-server.js:577:20)
    at async DevServer.renderErrorToResponseImpl (/Users/raos/Custom Code/personal-finance-platform/frontend/node_modules/next/dist/server/base-server.js:2090:30)
    at async pipe.req.req (/Users/raos/Custom Code/personal-finance-platform/frontend/node_modules/next/dist/server/base-server.js:2056:30)
    at async DevServer.pipeImpl (/Users/raos/Custom Code/personal-finance-platform/frontend/node_modules/next/dist/server/base-server.js:922:25)
    at async /Users/raos/Custom Code/personal-finance-platform/frontend/node_modules/next/dist/server/dev/next-dev-server.js:339:20
    at async Span.traceAsyncFn (/Users/raos/Custom Code/personal-finance-platform/frontend/node_modules/next/dist/trace/trace.js:154:20)
    at async DevServer.handleRequest (/Users/raos/Custom Code/personal-finance-platform/frontend/node_modules/next/dist/server/dev/next-dev-server.js:336:24)
    at async invokeRender (/Users/raos/Custom Code/personal-finance-platform/frontend/node_modules/next/dist/server/lib/router-server.js:179:21)
    at async handleRequest (/Users/raos/Custom Code/personal-finance-platform/frontend/node_modules/next/dist/server/lib/router-server.js:374:24)
    at async requestHandlerImpl (/Users/raos/Custom Code/personal-finance-platform/frontend/node_modules/next/dist/server/lib/router-server.js:383:13)
    at async Server.requestListener (/Users/raos/Custom Code/personal-finance-platform/frontend/node_modules/next/dist/server/lib/start-server.js:141:13) {
  code: 'MODULE_NOT_FOUND',
  requireStack: [
    '/Users/raos/Custom Code/personal-finance-platform/frontend/.next/server/webpack-runtime.js',
    '/Users/raos/Custom Code/personal-finance-platform/frontend/.next/server/app/dashboard/page.js',
    '/Users/raos/Custom Code/personal-finance-platform/frontend/node_modules/next/dist/server/require.js',
    '/Users/raos/Custom Code/personal-finance-platform/frontend/node_modules/next/dist/server/load-components.js',
    '/Users/raos/Custom Code/personal-finance-platform/frontend/node_modules/next/dist/build/utils.js',
    '/Users/raos/Custom Code/personal-finance-platform/frontend/node_modules/next/dist/server/dev/hot-middleware.js',
    '/Users/raos/Custom Code/personal-finance-platform/frontend/node_modules/next/dist/server/dev/hot-reloader-webpack.js',
    '/Users/raos/Custom Code/personal-finance-platform/frontend/node_modules/next/dist/server/lib/router-utils/setup-dev-bundler.js',
    '/Users/raos/Custom Code/personal-finance-platform/frontend/node_modules/next/dist/server/lib/router-server.js',
    '/Users/raos/Custom Code/personal-finance-platform/frontend/node_modules/next/dist/server/lib/start-server.js'
  ]
}
 ⨯ Error: Cannot find module './734.js'
Require stack:
- /Users/raos/Custom Code/personal-finance-platform/frontend/.next/server/webpack-runtime.js
- /Users/raos/Custom Code/personal-finance-platform/frontend/.next/server/app/dashboard/page.js
- /Users/raos/Custom Code/personal-finance-platform/frontend/node_modules/next/dist/server/require.js
- /Users/raos/Custom Code/personal-finance-platform/frontend/node_modules/next/dist/server/load-components.js
- /Users/raos/Custom Code/personal-finance-platform/frontend/node_modules/next/dist/build/utils.js
- /Users/raos/Custom Code/personal-finance-platform/frontend/node_modules/next/dist/server/dev/hot-middleware.js
- /Users/raos/Custom Code/personal-finance-platform/frontend/node_modules/next/dist/server/dev/hot-reloader-webpack.js
- /Users/raos/Custom Code/personal-finance-platform/frontend/node_modules/next/dist/server/lib/router-utils/setup-dev-bundler.js
- /Users/raos/Custom Code/personal-finance-platform/frontend/node_modules/next/dist/server/lib/router-server.js
- /Users/raos/Custom Code/personal-finance-platform/frontend/node_modules/next/dist/server/lib/start-server.js
    at Module._resolveFilename (node:internal/modules/cjs/loader:1475:15)
    at /Users/raos/Custom Code/personal-finance-platform/frontend/node_modules/next/dist/server/require-hook.js:55:36
    at wrapResolveFilename (node:internal/modules/cjs/loader:1048:27)
    at defaultResolveImplForCJSLoading (node:internal/modules/cjs/loader:1072:10)
    at resolveForCJSWithHooks (node:internal/modules/cjs/loader:1093:12)
    at Module._load (node:internal/modules/cjs/loader:1261:25)
    at wrapModuleLoad (node:internal/modules/cjs/loader:255:19)
    at Module.require (node:internal/modules/cjs/loader:1575:12)
    at mod.require (/Users/raos/Custom Code/personal-finance-platform/frontend/node_modules/next/dist/server/require-hook.js:65:28)
    at require (node:internal/modules/helpers:191:16)
    at __webpack_require__.f.require (/Users/raos/Custom Code/personal-finance-platform/frontend/.next/server/webpack-runtime.js:198:28)
    at /Users/raos/Custom Code/personal-finance-platform/frontend/.next/server/webpack-runtime.js:111:40
    at Array.reduce (<anonymous>)
    at __webpack_require__.e (/Users/raos/Custom Code/personal-finance-platform/frontend/.next/server/webpack-runtime.js:110:67)
    at Array.map (<anonymous>)
    at __webpack_require__.X (/Users/raos/Custom Code/personal-finance-platform/frontend/.next/server/webpack-runtime.js:162:22)
    at /Users/raos/Custom Code/personal-finance-platform/frontend/.next/server/app/_not-found/page.js:1:3361
    at Object.<anonymous> (/Users/raos/Custom Code/personal-finance-platform/frontend/.next/server/app/_not-found/page.js:1:3402)
    at Module._compile (node:internal/modules/cjs/loader:1829:14)
    at Module._extensions..js (node:internal/modules/cjs/loader:1969:10)
    at Module.load (node:internal/modules/cjs/loader:1552:32)
    at Module._load (node:internal/modules/cjs/loader:1354:12)
    at wrapModuleLoad (node:internal/modules/cjs/loader:255:19)
    at Module.require (node:internal/modules/cjs/loader:1575:12)
    at mod.require (/Users/raos/Custom Code/personal-finance-platform/frontend/node_modules/next/dist/server/require-hook.js:65:28)
    at require (node:internal/modules/helpers:191:16)
    at requirePage (/Users/raos/Custom Code/personal-finance-platform/frontend/node_modules/next/dist/server/require.js:109:84)
    at /Users/raos/Custom Code/personal-finance-platform/frontend/node_modules/next/dist/server/load-components.js:103:84
    at async loadComponentsImpl (/Users/raos/Custom Code/personal-finance-platform/frontend/node_modules/next/dist/server/load-components.js:103:26)
    at async DevServer.findPageComponentsImpl (/Users/raos/Custom Code/personal-finance-platform/frontend/node_modules/next/dist/server/next-server.js:714:36)
    at async DevServer.findPageComponents (/Users/raos/Custom Code/personal-finance-platform/frontend/node_modules/next/dist/server/dev/next-dev-server.js:577:20)
    at async DevServer.renderErrorToResponseImpl (/Users/raos/Custom Code/personal-finance-platform/frontend/node_modules/next/dist/server/base-server.js:2090:30)
    at async pipe.req.req (/Users/raos/Custom Code/personal-finance-platform/frontend/node_modules/next/dist/server/base-server.js:2056:30)
    at async DevServer.pipeImpl (/Users/raos/Custom Code/personal-finance-platform/frontend/node_modules/next/dist/server/base-server.js:922:25)
    at async /Users/raos/Custom Code/personal-finance-platform/frontend/node_modules/next/dist/server/dev/next-dev-server.js:339:20
    at async Span.traceAsyncFn (/Users/raos/Custom Code/personal-finance-platform/frontend/node_modules/next/dist/trace/trace.js:154:20)
    at async DevServer.handleRequest (/Users/raos/Custom Code/personal-finance-platform/frontend/node_modules/next/dist/server/dev/next-dev-server.js:336:24)
    at async invokeRender (/Users/raos/Custom Code/personal-finance-platform/frontend/node_modules/next/dist/server/lib/router-server.js:179:21)
    at async handleRequest (/Users/raos/Custom Code/personal-finance-platform/frontend/node_modules/next/dist/server/lib/router-server.js:374:24)
    at async requestHandlerImpl (/Users/raos/Custom Code/personal-finance-platform/frontend/node_modules/next/dist/server/lib/router-server.js:383:13)
    at async Server.requestListener (/Users/raos/Custom Code/personal-finance-platform/frontend/node_modules/next/dist/server/lib/start-server.js:141:13) {
  code: 'MODULE_NOT_FOUND',
  requireStack: [
    '/Users/raos/Custom Code/personal-finance-platform/frontend/.next/server/webpack-runtime.js',
    '/Users/raos/Custom Code/personal-finance-platform/frontend/.next/server/app/dashboard/page.js',
    '/Users/raos/Custom Code/personal-finance-platform/frontend/node_modules/next/dist/server/require.js',
    '/Users/raos/Custom Code/personal-finance-platform/frontend/node_modules/next/dist/server/load-components.js',
    '/Users/raos/Custom Code/personal-finance-platform/frontend/node_modules/next/dist/build/utils.js',
    '/Users/raos/Custom Code/personal-finance-platform/frontend/node_modules/next/dist/server/dev/hot-middleware.js',
    '/Users/raos/Custom Code/personal-finance-platform/frontend/node_modules/next/dist/server/dev/hot-reloader-webpack.js',
    '/Users/raos/Custom Code/personal-finance-platform/frontend/node_modules/next/dist/server/lib/router-utils/setup-dev-bundler.js',
    '/Users/raos/Custom Code/personal-finance-platform/frontend/node_modules/next/dist/server/lib/router-server.js',
    '/Users/raos/Custom Code/personal-finance-platform/frontend/node_modules/next/dist/server/lib/start-server.js'
  ]
}
 GET /_next/static/chunks/webpack.js?v=1778196647182 500 in 30ms
 GET /_next/static/chunks/main-app.js?v=1778196647182 500 in 29ms
 GET /_next/static/chunks/app-pages-internals.js 500 in 28ms
 GET /_next/static/chunks/app/dashboard/page.js 500 in 28ms
 GET /dashboard 200 in 22ms
 ⨯ Error: Cannot find module './734.js'
Require stack:
- /Users/raos/Custom Code/personal-finance-platform/frontend/.next/server/webpack-runtime.js
- /Users/raos/Custom Code/personal-finance-platform/frontend/.next/server/app/dashboard/page.js
- /Users/raos/Custom Code/personal-finance-platform/frontend/node_modules/next/dist/server/require.js
- /Users/raos/Custom Code/personal-finance-platform/frontend/node_modules/next/dist/server/load-components.js
- /Users/raos/Custom Code/personal-finance-platform/frontend/node_modules/next/dist/build/utils.js
- /Users/raos/Custom Code/personal-finance-platform/frontend/node_modules/next/dist/server/dev/hot-middleware.js
- /Users/raos/Custom Code/personal-finance-platform/frontend/node_modules/next/dist/server/dev/hot-reloader-webpack.js
- /Users/raos/Custom Code/personal-finance-platform/frontend/node_modules/next/dist/server/lib/router-utils/setup-dev-bundler.js
- /Users/raos/Custom Code/personal-finance-platform/frontend/node_modules/next/dist/server/lib/router-server.js
- /Users/raos/Custom Code/personal-finance-platform/frontend/node_modules/next/dist/server/lib/start-server.js
    at Module._resolveFilename (node:internal/modules/cjs/loader:1475:15)
    at /Users/raos/Custom Code/personal-finance-platform/frontend/node_modules/next/dist/server/require-hook.js:55:36
    at wrapResolveFilename (node:internal/modules/cjs/loader:1048:27)
    at defaultResolveImplForCJSLoading (node:internal/modules/cjs/loader:1072:10)
    at resolveForCJSWithHooks (node:internal/modules/cjs/loader:1093:12)
    at Module._load (node:internal/modules/cjs/loader:1261:25)
    at wrapModuleLoad (node:internal/modules/cjs/loader:255:19)
    at Module.require (node:internal/modules/cjs/loader:1575:12)
    at mod.require (/Users/raos/Custom Code/personal-finance-platform/frontend/node_modules/next/dist/server/require-hook.js:65:28)
    at require (node:internal/modules/helpers:191:16)
    at __webpack_require__.f.require (/Users/raos/Custom Code/personal-finance-platform/frontend/.next/server/webpack-runtime.js:198:28)
    at /Users/raos/Custom Code/personal-finance-platform/frontend/.next/server/webpack-runtime.js:111:40
    at Array.reduce (<anonymous>)
    at __webpack_require__.e (/Users/raos/Custom Code/personal-finance-platform/frontend/.next/server/webpack-runtime.js:110:67)
    at Array.map (<anonymous>)
    at __webpack_require__.X (/Users/raos/Custom Code/personal-finance-platform/frontend/.next/server/webpack-runtime.js:162:22)
    at /Users/raos/Custom Code/personal-finance-platform/frontend/.next/server/app/_not-found/page.js:1:3361
    at Object.<anonymous> (/Users/raos/Custom Code/personal-finance-platform/frontend/.next/server/app/_not-found/page.js:1:3402)
    at Module._compile (node:internal/modules/cjs/loader:1829:14)
    at Module._extensions..js (node:internal/modules/cjs/loader:1969:10)
    at Module.load (node:internal/modules/cjs/loader:1552:32)
    at Module._load (node:internal/modules/cjs/loader:1354:12)
    at wrapModuleLoad (node:internal/modules/cjs/loader:255:19)
    at Module.require (node:internal/modules/cjs/loader:1575:12)
    at mod.require (/Users/raos/Custom Code/personal-finance-platform/frontend/node_modules/next/dist/server/require-hook.js:65:28)
    at require (node:internal/modules/helpers:191:16)
    at requirePage (/Users/raos/Custom Code/personal-finance-platform/frontend/node_modules/next/dist/server/require.js:109:84)
    at /Users/raos/Custom Code/personal-finance-platform/frontend/node_modules/next/dist/server/load-components.js:103:84
    at async loadComponentsImpl (/Users/raos/Custom Code/personal-finance-platform/frontend/node_modules/next/dist/server/load-components.js:103:26)
    at async DevServer.findPageComponentsImpl (/Users/raos/Custom Code/personal-finance-platform/frontend/node_modules/next/dist/server/next-server.js:714:36)
    at async DevServer.findPageComponents (/Users/raos/Custom Code/personal-finance-platform/frontend/node_modules/next/dist/server/dev/next-dev-server.js:577:20)
    at async DevServer.renderErrorToResponseImpl (/Users/raos/Custom Code/personal-finance-platform/frontend/node_modules/next/dist/server/base-server.js:2090:30)
    at async pipe.req.req (/Users/raos/Custom Code/personal-finance-platform/frontend/node_modules/next/dist/server/base-server.js:2056:30)
    at async DevServer.pipeImpl (/Users/raos/Custom Code/personal-finance-platform/frontend/node_modules/next/dist/server/base-server.js:922:25)
    at async /Users/raos/Custom Code/personal-finance-platform/frontend/node_modules/next/dist/server/dev/next-dev-server.js:339:20
    at async Span.traceAsyncFn (/Users/raos/Custom Code/personal-finance-platform/frontend/node_modules/next/dist/trace/trace.js:154:20)
    at async DevServer.handleRequest (/Users/raos/Custom Code/personal-finance-platform/frontend/node_modules/next/dist/server/dev/next-dev-server.js:336:24)
    at async invokeRender (/Users/raos/Custom Code/personal-finance-platform/frontend/node_modules/next/dist/server/lib/router-server.js:179:21)
    at async handleRequest (/Users/raos/Custom Code/personal-finance-platform/frontend/node_modules/next/dist/server/lib/router-server.js:374:24)
    at async requestHandlerImpl (/Users/raos/Custom Code/personal-finance-platform/frontend/node_modules/next/dist/server/lib/router-server.js:383:13)
    at async Server.requestListener (/Users/raos/Custom Code/personal-finance-platform/frontend/node_modules/next/dist/server/lib/start-server.js:141:13) {
  code: 'MODULE_NOT_FOUND',
  requireStack: [
    '/Users/raos/Custom Code/personal-finance-platform/frontend/.next/server/webpack-runtime.js',
    '/Users/raos/Custom Code/personal-finance-platform/frontend/.next/server/app/dashboard/page.js',
    '/Users/raos/Custom Code/personal-finance-platform/frontend/node_modules/next/dist/server/require.js',
    '/Users/raos/Custom Code/personal-finance-platform/frontend/node_modules/next/dist/server/load-components.js',
    '/Users/raos/Custom Code/personal-finance-platform/frontend/node_modules/next/dist/build/utils.js',
    '/Users/raos/Custom Code/personal-finance-platform/frontend/node_modules/next/dist/server/dev/hot-middleware.js',
    '/Users/raos/Custom Code/personal-finance-platform/frontend/node_modules/next/dist/server/dev/hot-reloader-webpack.js',
    '/Users/raos/Custom Code/personal-finance-platform/frontend/node_modules/next/dist/server/lib/router-utils/setup-dev-bundler.js',
    '/Users/raos/Custom Code/personal-finance-platform/frontend/node_modules/next/dist/server/lib/router-server.js',
    '/Users/raos/Custom Code/personal-finance-platform/frontend/node_modules/next/dist/server/lib/start-server.js'
  ]
}
 ⨯ Error: Cannot find module './734.js'
Require stack:
- /Users/raos/Custom Code/personal-finance-platform/frontend/.next/server/webpack-runtime.js
- /Users/raos/Custom Code/personal-finance-platform/frontend/.next/server/app/dashboard/page.js
- /Users/raos/Custom Code/personal-finance-platform/frontend/node_modules/next/dist/server/require.js
- /Users/raos/Custom Code/personal-finance-platform/frontend/node_modules/next/dist/server/load-components.js
- /Users/raos/Custom Code/personal-finance-platform/frontend/node_modules/next/dist/build/utils.js
- /Users/raos/Custom Code/personal-finance-platform/frontend/node_modules/next/dist/server/dev/hot-middleware.js
- /Users/raos/Custom Code/personal-finance-platform/frontend/node_modules/next/dist/server/dev/hot-reloader-webpack.js
- /Users/raos/Custom Code/personal-finance-platform/frontend/node_modules/next/dist/server/lib/router-utils/setup-dev-bundler.js
- /Users/raos/Custom Code/personal-finance-platform/frontend/node_modules/next/dist/server/lib/router-server.js
- /Users/raos/Custom Code/personal-finance-platform/frontend/node_modules/next/dist/server/lib/start-server.js
    at Module._resolveFilename (node:internal/modules/cjs/loader:1475:15)
    at /Users/raos/Custom Code/personal-finance-platform/frontend/node_modules/next/dist/server/require-hook.js:55:36
    at wrapResolveFilename (node:internal/modules/cjs/loader:1048:27)
    at defaultResolveImplForCJSLoading (node:internal/modules/cjs/loader:1072:10)
    at resolveForCJSWithHooks (node:internal/modules/cjs/loader:1093:12)
    at Module._load (node:internal/modules/cjs/loader:1261:25)
    at wrapModuleLoad (node:internal/modules/cjs/loader:255:19)
    at Module.require (node:internal/modules/cjs/loader:1575:12)
    at mod.require (/Users/raos/Custom Code/personal-finance-platform/frontend/node_modules/next/dist/server/require-hook.js:65:28)
    at require (node:internal/modules/helpers:191:16)
    at __webpack_require__.f.require (/Users/raos/Custom Code/personal-finance-platform/frontend/.next/server/webpack-runtime.js:198:28)
    at /Users/raos/Custom Code/personal-finance-platform/frontend/.next/server/webpack-runtime.js:111:40
    at Array.reduce (<anonymous>)
    at __webpack_require__.e (/Users/raos/Custom Code/personal-finance-platform/frontend/.next/server/webpack-runtime.js:110:67)
    at Array.map (<anonymous>)
    at __webpack_require__.X (/Users/raos/Custom Code/personal-finance-platform/frontend/.next/server/webpack-runtime.js:162:22)
    at /Users/raos/Custom Code/personal-finance-platform/frontend/.next/server/app/_not-found/page.js:1:3361
    at Object.<anonymous> (/Users/raos/Custom Code/personal-finance-platform/frontend/.next/server/app/_not-found/page.js:1:3402)
    at Module._compile (node:internal/modules/cjs/loader:1829:14)
    at Module._extensions..js (node:internal/modules/cjs/loader:1969:10)
    at Module.load (node:internal/modules/cjs/loader:1552:32)
    at Module._load (node:internal/modules/cjs/loader:1354:12)
    at wrapModuleLoad (node:internal/modules/cjs/loader:255:19)
    at Module.require (node:internal/modules/cjs/loader:1575:12)
    at mod.require (/Users/raos/Custom Code/personal-finance-platform/frontend/node_modules/next/dist/server/require-hook.js:65:28)
    at require (node:internal/modules/helpers:191:16)
    at requirePage (/Users/raos/Custom Code/personal-finance-platform/frontend/node_modules/next/dist/server/require.js:109:84)
    at /Users/raos/Custom Code/personal-finance-platform/frontend/node_modules/next/dist/server/load-components.js:103:84
    at async loadComponentsImpl (/Users/raos/Custom Code/personal-finance-platform/frontend/node_modules/next/dist/server/load-components.js:103:26)
    at async DevServer.findPageComponentsImpl (/Users/raos/Custom Code/personal-finance-platform/frontend/node_modules/next/dist/server/next-server.js:714:36)
    at async DevServer.findPageComponents (/Users/raos/Custom Code/personal-finance-platform/frontend/node_modules/next/dist/server/dev/next-dev-server.js:577:20)
    at async DevServer.renderErrorToResponseImpl (/Users/raos/Custom Code/personal-finance-platform/frontend/node_modules/next/dist/server/base-server.js:2090:30)
    at async pipe.req.req (/Users/raos/Custom Code/personal-finance-platform/frontend/node_modules/next/dist/server/base-server.js:2056:30)
    at async DevServer.pipeImpl (/Users/raos/Custom Code/personal-finance-platform/frontend/node_modules/next/dist/server/base-server.js:922:25)
    at async /Users/raos/Custom Code/personal-finance-platform/frontend/node_modules/next/dist/server/dev/next-dev-server.js:339:20
    at async Span.traceAsyncFn (/Users/raos/Custom Code/personal-finance-platform/frontend/node_modules/next/dist/trace/trace.js:154:20)
    at async DevServer.handleRequest (/Users/raos/Custom Code/personal-finance-platform/frontend/node_modules/next/dist/server/dev/next-dev-server.js:336:24)
    at async invokeRender (/Users/raos/Custom Code/personal-finance-platform/frontend/node_modules/next/dist/server/lib/router-server.js:179:21)
    at async handleRequest (/Users/raos/Custom Code/personal-finance-platform/frontend/node_modules/next/dist/server/lib/router-server.js:374:24)
    at async requestHandlerImpl (/Users/raos/Custom Code/personal-finance-platform/frontend/node_modules/next/dist/server/lib/router-server.js:383:13)
    at async Server.requestListener (/Users/raos/Custom Code/personal-finance-platform/frontend/node_modules/next/dist/server/lib/start-server.js:141:13) {
  code: 'MODULE_NOT_FOUND',
  requireStack: [
    '/Users/raos/Custom Code/personal-finance-platform/frontend/.next/server/webpack-runtime.js',
    '/Users/raos/Custom Code/personal-finance-platform/frontend/.next/server/app/dashboard/page.js',
    '/Users/raos/Custom Code/personal-finance-platform/frontend/node_modules/next/dist/server/require.js',
    '/Users/raos/Custom Code/personal-finance-platform/frontend/node_modules/next/dist/server/load-components.js',
    '/Users/raos/Custom Code/personal-finance-platform/frontend/node_modules/next/dist/build/utils.js',
    '/Users/raos/Custom Code/personal-finance-platform/frontend/node_modules/next/dist/server/dev/hot-middleware.js',
    '/Users/raos/Custom Code/personal-finance-platform/frontend/node_modules/next/dist/server/dev/hot-reloader-webpack.js',
    '/Users/raos/Custom Code/personal-finance-platform/frontend/node_modules/next/dist/server/lib/router-utils/setup-dev-bundler.js',
    '/Users/raos/Custom Code/personal-finance-platform/frontend/node_modules/next/dist/server/lib/router-server.js',
    '/Users/raos/Custom Code/personal-finance-platform/frontend/node_modules/next/dist/server/lib/start-server.js'
  ]
}
 ⨯ Error: Cannot find module './734.js'
Require stack:
- /Users/raos/Custom Code/personal-finance-platform/frontend/.next/server/webpack-runtime.js
- /Users/raos/Custom Code/personal-finance-platform/frontend/.next/server/app/dashboard/page.js
- /Users/raos/Custom Code/personal-finance-platform/frontend/node_modules/next/dist/server/require.js
- /Users/raos/Custom Code/personal-finance-platform/frontend/node_modules/next/dist/server/load-components.js
- /Users/raos/Custom Code/personal-finance-platform/frontend/node_modules/next/dist/build/utils.js
- /Users/raos/Custom Code/personal-finance-platform/frontend/node_modules/next/dist/server/dev/hot-middleware.js
- /Users/raos/Custom Code/personal-finance-platform/frontend/node_modules/next/dist/server/dev/hot-reloader-webpack.js
- /Users/raos/Custom Code/personal-finance-platform/frontend/node_modules/next/dist/server/lib/router-utils/setup-dev-bundler.js
- /Users/raos/Custom Code/personal-finance-platform/frontend/node_modules/next/dist/server/lib/router-server.js
- /Users/raos/Custom Code/personal-finance-platform/frontend/node_modules/next/dist/server/lib/start-server.js
    at Module._resolveFilename (node:internal/modules/cjs/loader:1475:15)
    at /Users/raos/Custom Code/personal-finance-platform/frontend/node_modules/next/dist/server/require-hook.js:55:36
    at wrapResolveFilename (node:internal/modules/cjs/loader:1048:27)
    at defaultResolveImplForCJSLoading (node:internal/modules/cjs/loader:1072:10)
    at resolveForCJSWithHooks (node:internal/modules/cjs/loader:1093:12)
    at Module._load (node:internal/modules/cjs/loader:1261:25)
    at wrapModuleLoad (node:internal/modules/cjs/loader:255:19)
    at Module.require (node:internal/modules/cjs/loader:1575:12)
    at mod.require (/Users/raos/Custom Code/personal-finance-platform/frontend/node_modules/next/dist/server/require-hook.js:65:28)
    at require (node:internal/modules/helpers:191:16)
    at __webpack_require__.f.require (/Users/raos/Custom Code/personal-finance-platform/frontend/.next/server/webpack-runtime.js:198:28)
    at /Users/raos/Custom Code/personal-finance-platform/frontend/.next/server/webpack-runtime.js:111:40
    at Array.reduce (<anonymous>)
    at __webpack_require__.e (/Users/raos/Custom Code/personal-finance-platform/frontend/.next/server/webpack-runtime.js:110:67)
    at Array.map (<anonymous>)
    at __webpack_require__.X (/Users/raos/Custom Code/personal-finance-platform/frontend/.next/server/webpack-runtime.js:162:22)
    at /Users/raos/Custom Code/personal-finance-platform/frontend/.next/server/app/_not-found/page.js:1:3361
    at Object.<anonymous> (/Users/raos/Custom Code/personal-finance-platform/frontend/.next/server/app/_not-found/page.js:1:3402)
    at Module._compile (node:internal/modules/cjs/loader:1829:14)
    at Module._extensions..js (node:internal/modules/cjs/loader:1969:10)
    at Module.load (node:internal/modules/cjs/loader:1552:32)
    at Module._load (node:internal/modules/cjs/loader:1354:12)
    at wrapModuleLoad (node:internal/modules/cjs/loader:255:19)
    at Module.require (node:internal/modules/cjs/loader:1575:12)
    at mod.require (/Users/raos/Custom Code/personal-finance-platform/frontend/node_modules/next/dist/server/require-hook.js:65:28)
    at require (node:internal/modules/helpers:191:16)
    at requirePage (/Users/raos/Custom Code/personal-finance-platform/frontend/node_modules/next/dist/server/require.js:109:84)
    at /Users/raos/Custom Code/personal-finance-platform/frontend/node_modules/next/dist/server/load-components.js:103:84
    at async loadComponentsImpl (/Users/raos/Custom Code/personal-finance-platform/frontend/node_modules/next/dist/server/load-components.js:103:26)
    at async DevServer.findPageComponentsImpl (/Users/raos/Custom Code/personal-finance-platform/frontend/node_modules/next/dist/server/next-server.js:714:36)
    at async DevServer.findPageComponents (/Users/raos/Custom Code/personal-finance-platform/frontend/node_modules/next/dist/server/dev/next-dev-server.js:577:20)
    at async DevServer.renderErrorToResponseImpl (/Users/raos/Custom Code/personal-finance-platform/frontend/node_modules/next/dist/server/base-server.js:2090:30)
    at async pipe.req.req (/Users/raos/Custom Code/personal-finance-platform/frontend/node_modules/next/dist/server/base-server.js:2056:30)
    at async DevServer.pipeImpl (/Users/raos/Custom Code/personal-finance-platform/frontend/node_modules/next/dist/server/base-server.js:922:25)
    at async /Users/raos/Custom Code/personal-finance-platform/frontend/node_modules/next/dist/server/dev/next-dev-server.js:339:20
    at async Span.traceAsyncFn (/Users/raos/Custom Code/personal-finance-platform/frontend/node_modules/next/dist/trace/trace.js:154:20)
    at async DevServer.handleRequest (/Users/raos/Custom Code/personal-finance-platform/frontend/node_modules/next/dist/server/dev/next-dev-server.js:336:24)
    at async invokeRender (/Users/raos/Custom Code/personal-finance-platform/frontend/node_modules/next/dist/server/lib/router-server.js:179:21)
    at async handleRequest (/Users/raos/Custom Code/personal-finance-platform/frontend/node_modules/next/dist/server/lib/router-server.js:374:24)
    at async requestHandlerImpl (/Users/raos/Custom Code/personal-finance-platform/frontend/node_modules/next/dist/server/lib/router-server.js:383:13)
    at async Server.requestListener (/Users/raos/Custom Code/personal-finance-platform/frontend/node_modules/next/dist/server/lib/start-server.js:141:13) {
  code: 'MODULE_NOT_FOUND',
  requireStack: [
    '/Users/raos/Custom Code/personal-finance-platform/frontend/.next/server/webpack-runtime.js',
    '/Users/raos/Custom Code/personal-finance-platform/frontend/.next/server/app/dashboard/page.js',
    '/Users/raos/Custom Code/personal-finance-platform/frontend/node_modules/next/dist/server/require.js',
    '/Users/raos/Custom Code/personal-finance-platform/frontend/node_modules/next/dist/server/load-components.js',
    '/Users/raos/Custom Code/personal-finance-platform/frontend/node_modules/next/dist/build/utils.js',
    '/Users/raos/Custom Code/personal-finance-platform/frontend/node_modules/next/dist/server/dev/hot-middleware.js',
    '/Users/raos/Custom Code/personal-finance-platform/frontend/node_modules/next/dist/server/dev/hot-reloader-webpack.js',
    '/Users/raos/Custom Code/personal-finance-platform/frontend/node_modules/next/dist/server/lib/router-utils/setup-dev-bundler.js',
    '/Users/raos/Custom Code/personal-finance-platform/frontend/node_modules/next/dist/server/lib/router-server.js',
    '/Users/raos/Custom Code/personal-finance-platform/frontend/node_modules/next/dist/server/lib/start-server.js'
  ]
}
 ⨯ Error: Cannot find module './734.js'
Require stack:
- /Users/raos/Custom Code/personal-finance-platform/frontend/.next/server/webpack-runtime.js
- /Users/raos/Custom Code/personal-finance-platform/frontend/.next/server/app/dashboard/page.js
- /Users/raos/Custom Code/personal-finance-platform/frontend/node_modules/next/dist/server/require.js
- /Users/raos/Custom Code/personal-finance-platform/frontend/node_modules/next/dist/server/load-components.js
- /Users/raos/Custom Code/personal-finance-platform/frontend/node_modules/next/dist/build/utils.js
- /Users/raos/Custom Code/personal-finance-platform/frontend/node_modules/next/dist/server/dev/hot-middleware.js
- /Users/raos/Custom Code/personal-finance-platform/frontend/node_modules/next/dist/server/dev/hot-reloader-webpack.js
- /Users/raos/Custom Code/personal-finance-platform/frontend/node_modules/next/dist/server/lib/router-utils/setup-dev-bundler.js
- /Users/raos/Custom Code/personal-finance-platform/frontend/node_modules/next/dist/server/lib/router-server.js
- /Users/raos/Custom Code/personal-finance-platform/frontend/node_modules/next/dist/server/lib/start-server.js
    at Module._resolveFilename (node:internal/modules/cjs/loader:1475:15)
    at /Users/raos/Custom Code/personal-finance-platform/frontend/node_modules/next/dist/server/require-hook.js:55:36
    at wrapResolveFilename (node:internal/modules/cjs/loader:1048:27)
    at defaultResolveImplForCJSLoading (node:internal/modules/cjs/loader:1072:10)
    at resolveForCJSWithHooks (node:internal/modules/cjs/loader:1093:12)
    at Module._load (node:internal/modules/cjs/loader:1261:25)
    at wrapModuleLoad (node:internal/modules/cjs/loader:255:19)
    at Module.require (node:internal/modules/cjs/loader:1575:12)
    at mod.require (/Users/raos/Custom Code/personal-finance-platform/frontend/node_modules/next/dist/server/require-hook.js:65:28)
    at require (node:internal/modules/helpers:191:16)
    at __webpack_require__.f.require (/Users/raos/Custom Code/personal-finance-platform/frontend/.next/server/webpack-runtime.js:198:28)
    at /Users/raos/Custom Code/personal-finance-platform/frontend/.next/server/webpack-runtime.js:111:40
    at Array.reduce (<anonymous>)
    at __webpack_require__.e (/Users/raos/Custom Code/personal-finance-platform/frontend/.next/server/webpack-runtime.js:110:67)
    at Array.map (<anonymous>)
    at __webpack_require__.X (/Users/raos/Custom Code/personal-finance-platform/frontend/.next/server/webpack-runtime.js:162:22)
    at /Users/raos/Custom Code/personal-finance-platform/frontend/.next/server/app/_not-found/page.js:1:3361
    at Object.<anonymous> (/Users/raos/Custom Code/personal-finance-platform/frontend/.next/server/app/_not-found/page.js:1:3402)
    at Module._compile (node:internal/modules/cjs/loader:1829:14)
    at Module._extensions..js (node:internal/modules/cjs/loader:1969:10)
    at Module.load (node:internal/modules/cjs/loader:1552:32)
    at Module._load (node:internal/modules/cjs/loader:1354:12)
    at wrapModuleLoad (node:internal/modules/cjs/loader:255:19)
    at Module.require (node:internal/modules/cjs/loader:1575:12)
    at mod.require (/Users/raos/Custom Code/personal-finance-platform/frontend/node_modules/next/dist/server/require-hook.js:65:28)
    at require (node:internal/modules/helpers:191:16)
    at requirePage (/Users/raos/Custom Code/personal-finance-platform/frontend/node_modules/next/dist/server/require.js:109:84)
    at /Users/raos/Custom Code/personal-finance-platform/frontend/node_modules/next/dist/server/load-components.js:103:84
    at async loadComponentsImpl (/Users/raos/Custom Code/personal-finance-platform/frontend/node_modules/next/dist/server/load-components.js:103:26)
    at async DevServer.findPageComponentsImpl (/Users/raos/Custom Code/personal-finance-platform/frontend/node_modules/next/dist/server/next-server.js:714:36)
    at async DevServer.findPageComponents (/Users/raos/Custom Code/personal-finance-platform/frontend/node_modules/next/dist/server/dev/next-dev-server.js:577:20)
    at async DevServer.renderErrorToResponseImpl (/Users/raos/Custom Code/personal-finance-platform/frontend/node_modules/next/dist/server/base-server.js:2090:30)
    at async pipe.req.req (/Users/raos/Custom Code/personal-finance-platform/frontend/node_modules/next/dist/server/base-server.js:2056:30)
    at async DevServer.pipeImpl (/Users/raos/Custom Code/personal-finance-platform/frontend/node_modules/next/dist/server/base-server.js:922:25)
    at async /Users/raos/Custom Code/personal-finance-platform/frontend/node_modules/next/dist/server/dev/next-dev-server.js:339:20
    at async Span.traceAsyncFn (/Users/raos/Custom Code/personal-finance-platform/frontend/node_modules/next/dist/trace/trace.js:154:20)
    at async DevServer.handleRequest (/Users/raos/Custom Code/personal-finance-platform/frontend/node_modules/next/dist/server/dev/next-dev-server.js:336:24)
    at async invokeRender (/Users/raos/Custom Code/personal-finance-platform/frontend/node_modules/next/dist/server/lib/router-server.js:179:21)
    at async handleRequest (/Users/raos/Custom Code/personal-finance-platform/frontend/node_modules/next/dist/server/lib/router-server.js:374:24)
    at async requestHandlerImpl (/Users/raos/Custom Code/personal-finance-platform/frontend/node_modules/next/dist/server/lib/router-server.js:383:13)
    at async Server.requestListener (/Users/raos/Custom Code/personal-finance-platform/frontend/node_modules/next/dist/server/lib/start-server.js:141:13) {
  code: 'MODULE_NOT_FOUND',
  requireStack: [
    '/Users/raos/Custom Code/personal-finance-platform/frontend/.next/server/webpack-runtime.js',
    '/Users/raos/Custom Code/personal-finance-platform/frontend/.next/server/app/dashboard/page.js',
    '/Users/raos/Custom Code/personal-finance-platform/frontend/node_modules/next/dist/server/require.js',
    '/Users/raos/Custom Code/personal-finance-platform/frontend/node_modules/next/dist/server/load-components.js',
    '/Users/raos/Custom Code/personal-finance-platform/frontend/node_modules/next/dist/build/utils.js',
    '/Users/raos/Custom Code/personal-finance-platform/frontend/node_modules/next/dist/server/dev/hot-middleware.js',
    '/Users/raos/Custom Code/personal-finance-platform/frontend/node_modules/next/dist/server/dev/hot-reloader-webpack.js',
    '/Users/raos/Custom Code/personal-finance-platform/frontend/node_modules/next/dist/server/lib/router-utils/setup-dev-bundler.js',
    '/Users/raos/Custom Code/personal-finance-platform/frontend/node_modules/next/dist/server/lib/router-server.js',
    '/Users/raos/Custom Code/personal-finance-platform/frontend/node_modules/next/dist/server/lib/start-server.js'
  ]
}
 ⨯ Error: Cannot find module './734.js'
Require stack:
- /Users/raos/Custom Code/personal-finance-platform/frontend/.next/server/webpack-runtime.js
- /Users/raos/Custom Code/personal-finance-platform/frontend/.next/server/app/dashboard/page.js
- /Users/raos/Custom Code/personal-finance-platform/frontend/node_modules/next/dist/server/require.js
- /Users/raos/Custom Code/personal-finance-platform/frontend/node_modules/next/dist/server/load-components.js
- /Users/raos/Custom Code/personal-finance-platform/frontend/node_modules/next/dist/build/utils.js
- /Users/raos/Custom Code/personal-finance-platform/frontend/node_modules/next/dist/server/dev/hot-middleware.js
- /Users/raos/Custom Code/personal-finance-platform/frontend/node_modules/next/dist/server/dev/hot-reloader-webpack.js
- /Users/raos/Custom Code/personal-finance-platform/frontend/node_modules/next/dist/server/lib/router-utils/setup-dev-bundler.js
- /Users/raos/Custom Code/personal-finance-platform/frontend/node_modules/next/dist/server/lib/router-server.js
- /Users/raos/Custom Code/personal-finance-platform/frontend/node_modules/next/dist/server/lib/start-server.js
    at Module._resolveFilename (node:internal/modules/cjs/loader:1475:15)
    at /Users/raos/Custom Code/personal-finance-platform/frontend/node_modules/next/dist/server/require-hook.js:55:36
    at wrapResolveFilename (node:internal/modules/cjs/loader:1048:27)
    at defaultResolveImplForCJSLoading (node:internal/modules/cjs/loader:1072:10)
    at resolveForCJSWithHooks (node:internal/modules/cjs/loader:1093:12)
    at Module._load (node:internal/modules/cjs/loader:1261:25)
    at wrapModuleLoad (node:internal/modules/cjs/loader:255:19)
    at Module.require (node:internal/modules/cjs/loader:1575:12)
    at mod.require (/Users/raos/Custom Code/personal-finance-platform/frontend/node_modules/next/dist/server/require-hook.js:65:28)
    at require (node:internal/modules/helpers:191:16)
    at __webpack_require__.f.require (/Users/raos/Custom Code/personal-finance-platform/frontend/.next/server/webpack-runtime.js:198:28)
    at /Users/raos/Custom Code/personal-finance-platform/frontend/.next/server/webpack-runtime.js:111:40
    at Array.reduce (<anonymous>)
    at __webpack_require__.e (/Users/raos/Custom Code/personal-finance-platform/frontend/.next/server/webpack-runtime.js:110:67)
    at Array.map (<anonymous>)
    at __webpack_require__.X (/Users/raos/Custom Code/personal-finance-platform/frontend/.next/server/webpack-runtime.js:162:22)
    at /Users/raos/Custom Code/personal-finance-platform/frontend/.next/server/app/_not-found/page.js:1:3361
    at Object.<anonymous> (/Users/raos/Custom Code/personal-finance-platform/frontend/.next/server/app/_not-found/page.js:1:3402)
    at Module._compile (node:internal/modules/cjs/loader:1829:14)
    at Module._extensions..js (node:internal/modules/cjs/loader:1969:10)
    at Module.load (node:internal/modules/cjs/loader:1552:32)
    at Module._load (node:internal/modules/cjs/loader:1354:12)
    at wrapModuleLoad (node:internal/modules/cjs/loader:255:19)
    at Module.require (node:internal/modules/cjs/loader:1575:12)
    at mod.require (/Users/raos/Custom Code/personal-finance-platform/frontend/node_modules/next/dist/server/require-hook.js:65:28)
    at require (node:internal/modules/helpers:191:16)
    at requirePage (/Users/raos/Custom Code/personal-finance-platform/frontend/node_modules/next/dist/server/require.js:109:84)
    at /Users/raos/Custom Code/personal-finance-platform/frontend/node_modules/next/dist/server/load-components.js:103:84
    at async loadComponentsImpl (/Users/raos/Custom Code/personal-finance-platform/frontend/node_modules/next/dist/server/load-components.js:103:26)
    at async DevServer.findPageComponentsImpl (/Users/raos/Custom Code/personal-finance-platform/frontend/node_modules/next/dist/server/next-server.js:714:36)
    at async DevServer.findPageComponents (/Users/raos/Custom Code/personal-finance-platform/frontend/node_modules/next/dist/server/dev/next-dev-server.js:577:20)
    at async DevServer.renderErrorToResponseImpl (/Users/raos/Custom Code/personal-finance-platform/frontend/node_modules/next/dist/server/base-server.js:2090:30)
    at async pipe.req.req (/Users/raos/Custom Code/personal-finance-platform/frontend/node_modules/next/dist/server/base-server.js:2056:30)
    at async DevServer.pipeImpl (/Users/raos/Custom Code/personal-finance-platform/frontend/node_modules/next/dist/server/base-server.js:922:25)
    at async /Users/raos/Custom Code/personal-finance-platform/frontend/node_modules/next/dist/server/dev/next-dev-server.js:339:20
    at async Span.traceAsyncFn (/Users/raos/Custom Code/personal-finance-platform/frontend/node_modules/next/dist/trace/trace.js:154:20)
    at async DevServer.handleRequest (/Users/raos/Custom Code/personal-finance-platform/frontend/node_modules/next/dist/server/dev/next-dev-server.js:336:24)
    at async invokeRender (/Users/raos/Custom Code/personal-finance-platform/frontend/node_modules/next/dist/server/lib/router-server.js:179:21)
    at async handleRequest (/Users/raos/Custom Code/personal-finance-platform/frontend/node_modules/next/dist/server/lib/router-server.js:374:24)
    at async requestHandlerImpl (/Users/raos/Custom Code/personal-finance-platform/frontend/node_modules/next/dist/server/lib/router-server.js:383:13)
    at async Server.requestListener (/Users/raos/Custom Code/personal-finance-platform/frontend/node_modules/next/dist/server/lib/start-server.js:141:13) {
  code: 'MODULE_NOT_FOUND',
  requireStack: [
    '/Users/raos/Custom Code/personal-finance-platform/frontend/.next/server/webpack-runtime.js',
    '/Users/raos/Custom Code/personal-finance-platform/frontend/.next/server/app/dashboard/page.js',
    '/Users/raos/Custom Code/personal-finance-platform/frontend/node_modules/next/dist/server/require.js',
    '/Users/raos/Custom Code/personal-finance-platform/frontend/node_modules/next/dist/server/load-components.js',
    '/Users/raos/Custom Code/personal-finance-platform/frontend/node_modules/next/dist/build/utils.js',
    '/Users/raos/Custom Code/personal-finance-platform/frontend/node_modules/next/dist/server/dev/hot-middleware.js',
    '/Users/raos/Custom Code/personal-finance-platform/frontend/node_modules/next/dist/server/dev/hot-reloader-webpack.js',
    '/Users/raos/Custom Code/personal-finance-platform/frontend/node_modules/next/dist/server/lib/router-utils/setup-dev-bundler.js',
    '/Users/raos/Custom Code/personal-finance-platform/frontend/node_modules/next/dist/server/lib/router-server.js',
    '/Users/raos/Custom Code/personal-finance-platform/frontend/node_modules/next/dist/server/lib/start-server.js'
  ]
}
 GET /_next/static/css/app/layout.css?v=1778196648198 500 in 20ms
 GET /_next/static/chunks/webpack.js?v=1778196648198 500 in 20ms
 GET /_next/static/chunks/main-app.js?v=1778196648198 500 in 18ms
 GET /_next/static/chunks/app-pages-internals.js 500 in 17ms
 GET /_next/static/chunks/app/dashboard/page.js 500 in 17ms

> personal-finance-platform@0.1.0 dev
> next dev

  ▲ Next.js 14.2.35
  - Local:        http://localhost:3000

 ✓ Starting...
 ✓ Ready in 1323ms
 ○ Compiling / ...
 ✓ Compiled / in 2.4s (473 modules)
 GET / 307 in 2418ms
 ✓ Compiled in 52ms (237 modules)
 GET / 307 in 17ms
 ○ Compiling /dashboard ...
 ✓ Compiled /dashboard in 1267ms (1746 modules)
 GET /dashboard 200 in 1363ms
 ✓ Compiled /documents in 205ms (1746 modules)
 ✓ Compiled in 294ms (1760 modules)
 ✓ Compiled in 136ms (1746 modules)
 ✓ Compiled in 240ms (1758 modules)
 ✓ Compiled in 305ms (1758 modules)
 GET /dashboard 200 in 119ms
 GET /dashboard 200 in 18ms
 ✓ Compiled in 282ms (1758 modules)
 ⚠ Fast Refresh had to perform a full reload due to a runtime error.
 GET /dashboard 200 in 33ms

> personal-finance-platform@0.1.0 dev
> next dev

  ▲ Next.js 14.2.35
  - Local:        http://localhost:3000

 ✓ Starting...
 ✓ Ready in 1001ms
 ✓ Compiled / in 475ms (464 modules)
 GET / 307 in 545ms
 ✓ Compiled in 49ms (237 modules)
 GET / 307 in 22ms
 ✓ Compiled /dashboard in 499ms (1746 modules)
 GET /dashboard 200 in 603ms
 GET /dashboard 200 in 38ms
 GET /dashboard 200 in 21ms
 ✓ Compiled in 168ms (845 modules)
 GET /dashboard 200 in 21ms
 GET /dashboard 200 in 18ms
 GET /dashboard 200 in 19ms
 ✓ Compiled in 214ms (1738 modules)
 ✓ Compiled in 202ms (1752 modules)
 GET /dashboard 200 in 105ms
 ⚠ Fast Refresh had to perform a full reload due to a runtime error.
 ✓ Compiled in 139ms (1752 modules)
 GET /dashboard 200 in 108ms
 ✓ Compiled in 163ms (1752 modules)
 ⚠ Fast Refresh had to perform a full reload due to a runtime error.
 GET /dashboard 200 in 26ms
 ✓ Compiled in 251ms (1752 modules)
 GET /dashboard 200 in 120ms
 GET /dashboard 200 in 23ms
 ✓ Compiled in 365ms (1738 modules)
 ✓ Compiled in 164ms (1752 modules)
 ✓ Compiled in 210ms (1752 modules)
 ✓ Compiled in 146ms (1752 modules)
 ✓ Compiled in 195ms (1752 modules)
 ✓ Compiled in 175ms (1752 modules)
 GET /dashboard 200 in 109ms
 ✓ Compiled in 250ms (845 modules)
 ✓ Compiled in 276ms (1752 modules)
 GET /dashboard 200 in 40ms

> personal-finance-platform@0.1.0 dev
> next dev

  ▲ Next.js 14.2.35
  - Local:        http://localhost:3000

 ✓ Starting...
 ✓ Ready in 1009ms
 ✓ Compiled / in 468ms (464 modules)
 GET / 307 in 611ms
 ✓ Compiled in 111ms (237 modules)
 GET / 307 in 18ms
 ✓ Compiled /dashboard in 476ms (1746 modules)
 GET /dashboard 200 in 583ms
 GET /dashboard 200 in 23ms
 GET /dashboard 200 in 21ms
 ✓ Compiled in 223ms (1738 modules)
 GET /dashboard 200 in 127ms
 ✓ Compiled in 218ms (1752 modules)
 ✓ Compiled in 153ms (1752 modules)
 GET /dashboard 200 in 118ms
 GET /dashboard 200 in 18ms
 ✓ Compiled in 195ms (1738 modules)
 ✓ Compiled in 115ms (1738 modules)
 ✓ Compiled in 103ms (845 modules)
 ✓ Compiled in 348ms (1752 modules)
 ✓ Compiled in 201ms (1752 modules)
 ✓ Compiled in 167ms (1752 modules)
 ✓ Compiled in 222ms (1754 modules)
 GET /dashboard 200 in 115ms
 GET /dashboard 200 in 39ms
 GET /dashboard 200 in 20ms
 GET /dashboard 200 in 20ms
 GET /dashboard 200 in 19ms
 GET /dashboard 200 in 17ms

> personal-finance-platform@0.1.0 dev
> next dev

  ▲ Next.js 14.2.35
  - Local:        http://localhost:3000

 ✓ Starting...
 ✓ Ready in 941ms
 ✓ Compiled / in 498ms (464 modules)
 GET / 307 in 565ms
 ✓ Compiled in 49ms (237 modules)
 GET / 307 in 20ms
 ✓ Compiled /dashboard in 499ms (1748 modules)
 GET /dashboard 200 in 605ms
 GET /dashboard 200 in 22ms
 GET /dashboard 200 in 19ms
 ✓ Compiled in 250ms (1754 modules)
 ✓ Compiled in 191ms (1754 modules)
 ✓ Compiled in 245ms (1754 modules)
 ✓ Compiled in 154ms (1754 modules)
 GET /dashboard 200 in 117ms
 ⚠ Found a change in next.config.js. Restarting the server to apply the changes...
  ▲ Next.js 14.2.35
  - Local:        http://localhost:3000

 ✓ Starting...
 ✓ Ready in 1031ms
 ○ Compiling /dashboard ...
 ✓ Compiled /dashboard in 2.1s (1762 modules)
 GET /dashboard/ 200 in 2239ms
 ✓ Compiled in 108ms (845 modules)
 ✓ Compiled in 257ms (1739 modules)
 ✓ Compiled in 183ms (1739 modules)
 ✓ Compiled in 94ms (845 modules)
 ✓ Compiled in 96ms (845 modules)
 ✓ Compiled in 67ms (1739 modules)
 ✓ Compiled in 96ms (845 modules)
 ✓ Compiled in 112ms (1739 modules)
 ✓ Compiled in 373ms (1756 modules)
 ✓ Compiled /login in 83ms (1748 modules)
 ⚠ Fast Refresh had to perform a full reload. Read more: https://nextjs.org/docs/messages/fast-refresh-reload
 GET /login/ 200 in 94ms
 GET /dashboard/ 200 in 77ms
 GET /login/ 200 in 17ms
 ✓ Compiled in 85ms (848 modules)
 ✓ Compiled in 201ms (1762 modules)
 ✓ Compiled in 170ms (1762 modules)
 ✓ Compiled in 163ms (1762 modules)
 ✓ Compiled in 174ms (1762 modules)
 ✓ Compiled in 132ms (1762 modules)
 ✓ Compiled in 90ms (848 modules)
 ✓ Compiled in 81ms (848 modules)
 ✓ Compiled in 83ms (848 modules)
 ✓ Compiled in 264ms (1762 modules)
 ✓ Compiled /register in 222ms (1754 modules)
 ⚠ Fast Refresh had to perform a full reload. Read more: https://nextjs.org/docs/messages/fast-refresh-reload
 GET /register/ 200 in 238ms
 GET /login/ 200 in 29ms
 GET /login/ 200 in 16ms
 GET /register/ 200 in 18ms
 GET /login/ 200 in 23ms
 GET /login/ 200 in 17ms
 GET /register/ 200 in 19ms
 GET /login/ 200 in 16ms
 ✓ Compiled in 177ms (850 modules)
 ✓ Compiled /_not-found in 226ms (1757 modules)
 GET /_next/static/css/app/layout.css?v=1778420871130 404 in 281ms
 ✓ Compiled in 204ms (1771 modules)
 GET /_next/static/css/app/layout.css?v=1778420879487 404 in 19ms
 ✓ Compiled in 79ms (852 modules)
 GET /_next/static/css/app/layout.css?v=1778420890328 404 in 9ms
 ✓ Compiled in 183ms (1768 modules)
 ⨯ Error: Cannot find module './636.js'
Require stack:
- /Users/raos/Custom Code/personal-finance-platform/frontend/.next/server/webpack-runtime.js
- /Users/raos/Custom Code/personal-finance-platform/frontend/.next/server/app/dashboard/page.js
- /Users/raos/Custom Code/personal-finance-platform/frontend/node_modules/next/dist/server/require.js
- /Users/raos/Custom Code/personal-finance-platform/frontend/node_modules/next/dist/server/load-components.js
- /Users/raos/Custom Code/personal-finance-platform/frontend/node_modules/next/dist/build/utils.js
- /Users/raos/Custom Code/personal-finance-platform/frontend/node_modules/next/dist/server/dev/hot-middleware.js
- /Users/raos/Custom Code/personal-finance-platform/frontend/node_modules/next/dist/server/dev/hot-reloader-webpack.js
- /Users/raos/Custom Code/personal-finance-platform/frontend/node_modules/next/dist/server/lib/router-utils/setup-dev-bundler.js
- /Users/raos/Custom Code/personal-finance-platform/frontend/node_modules/next/dist/server/lib/router-server.js
- /Users/raos/Custom Code/personal-finance-platform/frontend/node_modules/next/dist/server/lib/start-server.js
    at Module._resolveFilename (node:internal/modules/cjs/loader:1475:15)
    at /Users/raos/Custom Code/personal-finance-platform/frontend/node_modules/next/dist/server/require-hook.js:55:36
    at wrapResolveFilename (node:internal/modules/cjs/loader:1048:27)
    at defaultResolveImplForCJSLoading (node:internal/modules/cjs/loader:1072:10)
    at resolveForCJSWithHooks (node:internal/modules/cjs/loader:1093:12)
    at Module._load (node:internal/modules/cjs/loader:1261:25)
    at wrapModuleLoad (node:internal/modules/cjs/loader:255:19)
    at Module.require (node:internal/modules/cjs/loader:1575:12)
    at mod.require (/Users/raos/Custom Code/personal-finance-platform/frontend/node_modules/next/dist/server/require-hook.js:65:28)
    at require (node:internal/modules/helpers:191:16)
    at __webpack_require__.f.require (/Users/raos/Custom Code/personal-finance-platform/frontend/.next/server/webpack-runtime.js:198:28)
    at /Users/raos/Custom Code/personal-finance-platform/frontend/.next/server/webpack-runtime.js:111:40
    at Array.reduce (<anonymous>)
    at __webpack_require__.e (/Users/raos/Custom Code/personal-finance-platform/frontend/.next/server/webpack-runtime.js:110:67)
    at Array.map (<anonymous>)
    at __webpack_require__.X (/Users/raos/Custom Code/personal-finance-platform/frontend/.next/server/webpack-runtime.js:162:22)
    at /Users/raos/Custom Code/personal-finance-platform/frontend/.next/server/app/dashboard/page.js:1:456902
    at Object.<anonymous> (/Users/raos/Custom Code/personal-finance-platform/frontend/.next/server/app/dashboard/page.js:1:456943)
    at Module._compile (node:internal/modules/cjs/loader:1829:14)
    at Module._extensions..js (node:internal/modules/cjs/loader:1969:10)
    at Module.load (node:internal/modules/cjs/loader:1552:32)
    at Module._load (node:internal/modules/cjs/loader:1354:12)
    at wrapModuleLoad (node:internal/modules/cjs/loader:255:19)
    at Module.require (node:internal/modules/cjs/loader:1575:12)
    at mod.require (/Users/raos/Custom Code/personal-finance-platform/frontend/node_modules/next/dist/server/require-hook.js:65:28)
    at require (node:internal/modules/helpers:191:16)
    at requirePage (/Users/raos/Custom Code/personal-finance-platform/frontend/node_modules/next/dist/server/require.js:109:84)
    at /Users/raos/Custom Code/personal-finance-platform/frontend/node_modules/next/dist/server/load-components.js:103:84
    at async loadComponentsImpl (/Users/raos/Custom Code/personal-finance-platform/frontend/node_modules/next/dist/server/load-components.js:103:26)
    at async DevServer.findPageComponentsImpl (/Users/raos/Custom Code/personal-finance-platform/frontend/node_modules/next/dist/server/next-server.js:714:36)
    at async DevServer.findPageComponents (/Users/raos/Custom Code/personal-finance-platform/frontend/node_modules/next/dist/server/dev/next-dev-server.js:577:20)
    at async DevServer.renderPageComponent (/Users/raos/Custom Code/personal-finance-platform/frontend/node_modules/next/dist/server/base-server.js:1910:24)
    at async DevServer.renderToResponseImpl (/Users/raos/Custom Code/personal-finance-platform/frontend/node_modules/next/dist/server/base-server.js:1962:32)
    at async DevServer.pipeImpl (/Users/raos/Custom Code/personal-finance-platform/frontend/node_modules/next/dist/server/base-server.js:922:25)
    at async NextNodeServer.handleCatchallRenderRequest (/Users/raos/Custom Code/personal-finance-platform/frontend/node_modules/next/dist/server/next-server.js:272:17)
    at async DevServer.handleRequestImpl (/Users/raos/Custom Code/personal-finance-platform/frontend/node_modules/next/dist/server/base-server.js:818:17)
    at async /Users/raos/Custom Code/personal-finance-platform/frontend/node_modules/next/dist/server/dev/next-dev-server.js:339:20
    at async Span.traceAsyncFn (/Users/raos/Custom Code/personal-finance-platform/frontend/node_modules/next/dist/trace/trace.js:154:20)
    at async DevServer.handleRequest (/Users/raos/Custom Code/personal-finance-platform/frontend/node_modules/next/dist/server/dev/next-dev-server.js:336:24)
    at async invokeRender (/Users/raos/Custom Code/personal-finance-platform/frontend/node_modules/next/dist/server/lib/router-server.js:179:21)
    at async handleRequest (/Users/raos/Custom Code/personal-finance-platform/frontend/node_modules/next/dist/server/lib/router-server.js:359:24)
    at async requestHandlerImpl (/Users/raos/Custom Code/personal-finance-platform/frontend/node_modules/next/dist/server/lib/router-server.js:383:13)
    at async Server.requestListener (/Users/raos/Custom Code/personal-finance-platform/frontend/node_modules/next/dist/server/lib/start-server.js:141:13) {
  code: 'MODULE_NOT_FOUND',
  requireStack: [
    '/Users/raos/Custom Code/personal-finance-platform/frontend/.next/server/webpack-runtime.js',
    '/Users/raos/Custom Code/personal-finance-platform/frontend/.next/server/app/dashboard/page.js',
    '/Users/raos/Custom Code/personal-finance-platform/frontend/node_modules/next/dist/server/require.js',
    '/Users/raos/Custom Code/personal-finance-platform/frontend/node_modules/next/dist/server/load-components.js',
    '/Users/raos/Custom Code/personal-finance-platform/frontend/node_modules/next/dist/build/utils.js',
    '/Users/raos/Custom Code/personal-finance-platform/frontend/node_modules/next/dist/server/dev/hot-middleware.js',
    '/Users/raos/Custom Code/personal-finance-platform/frontend/node_modules/next/dist/server/dev/hot-reloader-webpack.js',
    '/Users/raos/Custom Code/personal-finance-platform/frontend/node_modules/next/dist/server/lib/router-utils/setup-dev-bundler.js',
    '/Users/raos/Custom Code/personal-finance-platform/frontend/node_modules/next/dist/server/lib/router-server.js',
    '/Users/raos/Custom Code/personal-finance-platform/frontend/node_modules/next/dist/server/lib/start-server.js'
  ],
  page: '/dashboard'
}
 ✓ Compiled /_error in 378ms (1980 modules)
 GET /dashboard/ 200 in 81ms
 ✓ Compiled /_not-found in 69ms (1983 modules)
 GET /_next/static/css/app/layout.css?v=1778421034799 404 in 89ms
 GET /_next/static/chunks/app-pages-internals.js 404 in 86ms
 GET /_next/static/chunks/main-app.js?v=1778421034799 404 in 87ms
 GET /_next/static/chunks/app/dashboard/page.js 404 in 86ms
<w> [webpack.cache.PackFileCacheStrategy] Caching failed for pack: Error: ENOENT: no such file or directory, lstat '/Users/raos/Custom Code/personal-finance-platform/frontend/.next/server/vendor-chunks'
<w> [webpack.cache.PackFileCacheStrategy/webpack.FileSystemInfo] Resolving './vendor-chunks/es-object-atoms' in /Users/raos/Custom Code/personal-finance-platform/frontend/.next/server for build dependencies doesn't lead to expected result '/Users/raos/Custom Code/personal-finance-platform/frontend/.next/server/vendor-chunks/es-object-atoms.js', but to 'Error: Can't resolve './vendor-chunks/es-object-atoms' in '/Users/raos/Custom Code/personal-finance-platform/frontend/.next/server'' instead. Resolving dependencies are ignored for this path.
<w>  at resolve commonjs file ./vendor-chunks/es-object-atoms (expected /Users/raos/Custom Code/personal-finance-platform/frontend/.next/server/vendor-chunks/es-object-atoms.js)
<w>  at file dependencies /Users/raos/Custom Code/personal-finance-platform/frontend/.next/server/webpack-runtime.js
<w>  at file /Users/raos/Custom Code/personal-finance-platform/frontend/.next/server/webpack-runtime.js
<w>  at file dependencies /Users/raos/Custom Code/personal-finance-platform/frontend/.next/server/app/_not-found/page.js
<w>  at file /Users/raos/Custom Code/personal-finance-platform/frontend/.next/server/app/_not-found/page.js
<w>  at file dependencies /Users/raos/Custom Code/personal-finance-platform/frontend/node_modules/next/dist/server/require.js
<w>  at file /Users/raos/Custom Code/personal-finance-platform/frontend/node_modules/next/dist/server/require.js
<w>  at file dependencies /Users/raos/Custom Code/personal-finance-platform/frontend/node_modules/next/dist/server/load-components.js
<w>  at file /Users/raos/Custom Code/personal-finance-platform/frontend/node_modules/next/dist/server/load-components.js
<w>  at file dependencies /Users/raos/Custom Code/personal-finance-platform/frontend/node_modules/next/dist/build/utils.js
<w>  at file /Users/raos/Custom Code/personal-finance-platform/frontend/node_modules/next/dist/build/utils.js
<w>  at file dependencies /Users/raos/Custom Code/personal-finance-platform/frontend/node_modules/next/dist/build/webpack/loaders/next-route-loader/index.js
<w>  at file /Users/raos/Custom Code/personal-finance-platform/frontend/node_modules/next/dist/build/webpack/loaders/next-route-loader/index.js
<w>  at resolve commonjs /Users/raos/Custom Code/personal-finance-platform/frontend/node_modules/next/dist/build/webpack/loaders/next-route-loader/index.js
<w> [webpack.cache.PackFileCacheStrategy/webpack.FileSystemInfo] Resolving './vendor-chunks/has-tostringtag' in /Users/raos/Custom Code/personal-finance-platform/frontend/.next/server for build dependencies doesn't lead to expected result '/Users/raos/Custom Code/personal-finance-platform/frontend/.next/server/vendor-chunks/has-tostringtag.js', but to 'Error: Can't resolve './vendor-chunks/has-tostringtag' in '/Users/raos/Custom Code/personal-finance-platform/frontend/.next/server'' instead. Resolving dependencies are ignored for this path.
<w>  at resolve commonjs file ./vendor-chunks/has-tostringtag (expected /Users/raos/Custom Code/personal-finance-platform/frontend/.next/server/vendor-chunks/has-tostringtag.js)
<w>  at file dependencies /Users/raos/Custom Code/personal-finance-platform/frontend/.next/server/webpack-runtime.js
<w>  at file /Users/raos/Custom Code/personal-finance-platform/frontend/.next/server/webpack-runtime.js
<w>  at file dependencies /Users/raos/Custom Code/personal-finance-platform/frontend/.next/server/app/_not-found/page.js
<w>  at file /Users/raos/Custom Code/personal-finance-platform/frontend/.next/server/app/_not-found/page.js
<w>  at file dependencies /Users/raos/Custom Code/personal-finance-platform/frontend/node_modules/next/dist/server/require.js
<w>  at file /Users/raos/Custom Code/personal-finance-platform/frontend/node_modules/next/dist/server/require.js
<w>  at file dependencies /Users/raos/Custom Code/personal-finance-platform/frontend/node_modules/next/dist/server/load-components.js
<w>  at file /Users/raos/Custom Code/personal-finance-platform/frontend/node_modules/next/dist/server/load-components.js
<w>  at file dependencies /Users/raos/Custom Code/personal-finance-platform/frontend/node_modules/next/dist/build/utils.js
<w>  at file /Users/raos/Custom Code/personal-finance-platform/frontend/node_modules/next/dist/build/utils.js
<w>  at file dependencies /Users/raos/Custom Code/personal-finance-platform/frontend/node_modules/next/dist/build/webpack/loaders/next-route-loader/index.js
<w>  at file /Users/raos/Custom Code/personal-finance-platform/frontend/node_modules/next/dist/build/webpack/loaders/next-route-loader/index.js
<w>  at resolve commonjs /Users/raos/Custom Code/personal-finance-platform/frontend/node_modules/next/dist/build/webpack/loaders/next-route-loader/index.js
<w> [webpack.cache.PackFileCacheStrategy/webpack.FileSystemInfo] Resolving './vendor-chunks/hasown' in /Users/raos/Custom Code/personal-finance-platform/frontend/.next/server for build dependencies doesn't lead to expected result '/Users/raos/Custom Code/personal-finance-platform/frontend/.next/server/vendor-chunks/hasown.js', but to 'Error: Can't resolve './vendor-chunks/hasown' in '/Users/raos/Custom Code/personal-finance-platform/frontend/.next/server'' instead. Resolving dependencies are ignored for this path.
<w>  at resolve commonjs file ./vendor-chunks/hasown (expected /Users/raos/Custom Code/personal-finance-platform/frontend/.next/server/vendor-chunks/hasown.js)
<w>  at file dependencies /Users/raos/Custom Code/personal-finance-platform/frontend/.next/server/webpack-runtime.js
<w>  at file /Users/raos/Custom Code/personal-finance-platform/frontend/.next/server/webpack-runtime.js
<w>  at file dependencies /Users/raos/Custom Code/personal-finance-platform/frontend/.next/server/app/_not-found/page.js
<w>  at file /Users/raos/Custom Code/personal-finance-platform/frontend/.next/server/app/_not-found/page.js
<w>  at file dependencies /Users/raos/Custom Code/personal-finance-platform/frontend/node_modules/next/dist/server/require.js
<w>  at file /Users/raos/Custom Code/personal-finance-platform/frontend/node_modules/next/dist/server/require.js
<w>  at file dependencies /Users/raos/Custom Code/personal-finance-platform/frontend/node_modules/next/dist/server/load-components.js
<w>  at file /Users/raos/Custom Code/personal-finance-platform/frontend/node_modules/next/dist/server/load-components.js
<w>  at file dependencies /Users/raos/Custom Code/personal-finance-platform/frontend/node_modules/next/dist/build/utils.js
<w>  at file /Users/raos/Custom Code/personal-finance-platform/frontend/node_modules/next/dist/build/utils.js
<w>  at file dependencies /Users/raos/Custom Code/personal-finance-platform/frontend/node_modules/next/dist/build/webpack/loaders/next-route-loader/index.js
<w>  at file /Users/raos/Custom Code/personal-finance-platform/frontend/node_modules/next/dist/build/webpack/loaders/next-route-loader/index.js
<w>  at resolve commonjs /Users/raos/Custom Code/personal-finance-platform/frontend/node_modules/next/dist/build/webpack/loaders/next-route-loader/index.js
<w> [webpack.cache.PackFileCacheStrategy/webpack.FileSystemInfo] Resolving './vendor-chunks/es-define-property' in /Users/raos/Custom Code/personal-finance-platform/frontend/.next/server for build dependencies doesn't lead to expected result '/Users/raos/Custom Code/personal-finance-platform/frontend/.next/server/vendor-chunks/es-define-property.js', but to 'Error: Can't resolve './vendor-chunks/es-define-property' in '/Users/raos/Custom Code/personal-finance-platform/frontend/.next/server'' instead. Resolving dependencies are ignored for this path.
<w>  at resolve commonjs file ./vendor-chunks/es-define-property (expected /Users/raos/Custom Code/personal-finance-platform/frontend/.next/server/vendor-chunks/es-define-property.js)
<w>  at file dependencies /Users/raos/Custom Code/personal-finance-platform/frontend/.next/server/webpack-runtime.js
<w>  at file /Users/raos/Custom Code/personal-finance-platform/frontend/.next/server/webpack-runtime.js
<w>  at file dependencies /Users/raos/Custom Code/personal-finance-platform/frontend/.next/server/app/_not-found/page.js
<w>  at file /Users/raos/Custom Code/personal-finance-platform/frontend/.next/server/app/_not-found/page.js
<w>  at file dependencies /Users/raos/Custom Code/personal-finance-platform/frontend/node_modules/next/dist/server/require.js
<w>  at file /Users/raos/Custom Code/personal-finance-platform/frontend/node_modules/next/dist/server/require.js
<w>  at file dependencies /Users/raos/Custom Code/personal-finance-platform/frontend/node_modules/next/dist/server/load-components.js
<w>  at file /Users/raos/Custom Code/personal-finance-platform/frontend/node_modules/next/dist/server/load-components.js
<w>  at file dependencies /Users/raos/Custom Code/personal-finance-platform/frontend/node_modules/next/dist/build/utils.js
<w>  at file /Users/raos/Custom Code/personal-finance-platform/frontend/node_modules/next/dist/build/utils.js
<w>  at file dependencies /Users/raos/Custom Code/personal-finance-platform/frontend/node_modules/next/dist/build/webpack/loaders/next-route-loader/index.js
<w>  at file /Users/raos/Custom Code/personal-finance-platform/frontend/node_modules/next/dist/build/webpack/loaders/next-route-loader/index.js
<w>  at resolve commonjs /Users/raos/Custom Code/personal-finance-platform/frontend/node_modules/next/dist/build/webpack/loaders/next-route-loader/index.js
<w> [webpack.cache.PackFileCacheStrategy/webpack.FileSystemInfo] Resolving './vendor-chunks/gopd' in /Users/raos/Custom Code/personal-finance-platform/frontend/.next/server for build dependencies doesn't lead to expected result '/Users/raos/Custom Code/personal-finance-platform/frontend/.next/server/vendor-chunks/gopd.js', but to 'Error: Can't resolve './vendor-chunks/gopd' in '/Users/raos/Custom Code/personal-finance-platform/frontend/.next/server'' instead. Resolving dependencies are ignored for this path.
<w>  at resolve commonjs file ./vendor-chunks/gopd (expected /Users/raos/Custom Code/personal-finance-platform/frontend/.next/server/vendor-chunks/gopd.js)
<w>  at file dependencies /Users/raos/Custom Code/personal-finance-platform/frontend/.next/server/webpack-runtime.js
<w>  at file /Users/raos/Custom Code/personal-finance-platform/frontend/.next/server/webpack-runtime.js
<w>  at file dependencies /Users/raos/Custom Code/personal-finance-platform/frontend/.next/server/app/_not-found/page.js
<w>  at file /Users/raos/Custom Code/personal-finance-platform/frontend/.next/server/app/_not-found/page.js
<w>  at file dependencies /Users/raos/Custom Code/personal-finance-platform/frontend/node_modules/next/dist/server/require.js
<w>  at file /Users/raos/Custom Code/personal-finance-platform/frontend/node_modules/next/dist/server/require.js
<w>  at file dependencies /Users/raos/Custom Code/personal-finance-platform/frontend/node_modules/next/dist/server/load-components.js
<w>  at file /Users/raos/Custom Code/personal-finance-platform/frontend/node_modules/next/dist/server/load-components.js
<w>  at file dependencies /Users/raos/Custom Code/personal-finance-platform/frontend/node_modules/next/dist/build/utils.js
<w>  at file /Users/raos/Custom Code/personal-finance-platform/frontend/node_modules/next/dist/build/utils.js
<w>  at file dependencies /Users/raos/Custom Code/personal-finance-platform/frontend/node_modules/next/dist/build/webpack/loaders/next-route-loader/index.js
<w>  at file /Users/raos/Custom Code/personal-finance-platform/frontend/node_modules/next/dist/build/webpack/loaders/next-route-loader/index.js
<w>  at resolve commonjs /Users/raos/Custom Code/personal-finance-platform/frontend/node_modules/next/dist/build/webpack/loaders/next-route-loader/index.js
 ⨯ Error: Cannot find module './636.js'
Require stack:
- /Users/raos/Custom Code/personal-finance-platform/frontend/.next/server/webpack-runtime.js
- /Users/raos/Custom Code/personal-finance-platform/frontend/.next/server/app/_not-found/page.js
- /Users/raos/Custom Code/personal-finance-platform/frontend/node_modules/next/dist/server/require.js
- /Users/raos/Custom Code/personal-finance-platform/frontend/node_modules/next/dist/server/load-components.js
- /Users/raos/Custom Code/personal-finance-platform/frontend/node_modules/next/dist/build/utils.js
- /Users/raos/Custom Code/personal-finance-platform/frontend/node_modules/next/dist/server/dev/hot-middleware.js
- /Users/raos/Custom Code/personal-finance-platform/frontend/node_modules/next/dist/server/dev/hot-reloader-webpack.js
- /Users/raos/Custom Code/personal-finance-platform/frontend/node_modules/next/dist/server/lib/router-utils/setup-dev-bundler.js
- /Users/raos/Custom Code/personal-finance-platform/frontend/node_modules/next/dist/server/lib/router-server.js
- /Users/raos/Custom Code/personal-finance-platform/frontend/node_modules/next/dist/server/lib/start-server.js
    at Module._resolveFilename (node:internal/modules/cjs/loader:1475:15)
    at /Users/raos/Custom Code/personal-finance-platform/frontend/node_modules/next/dist/server/require-hook.js:55:36
    at wrapResolveFilename (node:internal/modules/cjs/loader:1048:27)
    at defaultResolveImplForCJSLoading (node:internal/modules/cjs/loader:1072:10)
    at resolveForCJSWithHooks (node:internal/modules/cjs/loader:1093:12)
    at Module._load (node:internal/modules/cjs/loader:1261:25)
    at wrapModuleLoad (node:internal/modules/cjs/loader:255:19)
    at Module.require (node:internal/modules/cjs/loader:1575:12)
    at mod.require (/Users/raos/Custom Code/personal-finance-platform/frontend/node_modules/next/dist/server/require-hook.js:65:28)
    at require (node:internal/modules/helpers:191:16)
    at __webpack_require__.f.require (/Users/raos/Custom Code/personal-finance-platform/frontend/.next/server/webpack-runtime.js:198:28)
    at /Users/raos/Custom Code/personal-finance-platform/frontend/.next/server/webpack-runtime.js:111:40
    at Array.reduce (<anonymous>)
    at __webpack_require__.e (/Users/raos/Custom Code/personal-finance-platform/frontend/.next/server/webpack-runtime.js:110:67)
    at Array.map (<anonymous>)
    at __webpack_require__.X (/Users/raos/Custom Code/personal-finance-platform/frontend/.next/server/webpack-runtime.js:162:22)
    at /Users/raos/Custom Code/personal-finance-platform/frontend/.next/server/app/dashboard/page.js:1:456902
    at Object.<anonymous> (/Users/raos/Custom Code/personal-finance-platform/frontend/.next/server/app/dashboard/page.js:1:456943)
    at Module._compile (node:internal/modules/cjs/loader:1829:14)
    at Module._extensions..js (node:internal/modules/cjs/loader:1969:10)
    at Module.load (node:internal/modules/cjs/loader:1552:32)
    at Module._load (node:internal/modules/cjs/loader:1354:12)
    at wrapModuleLoad (node:internal/modules/cjs/loader:255:19)
    at Module.require (node:internal/modules/cjs/loader:1575:12)
    at mod.require (/Users/raos/Custom Code/personal-finance-platform/frontend/node_modules/next/dist/server/require-hook.js:65:28)
    at require (node:internal/modules/helpers:191:16)
    at requirePage (/Users/raos/Custom Code/personal-finance-platform/frontend/node_modules/next/dist/server/require.js:109:84)
    at /Users/raos/Custom Code/personal-finance-platform/frontend/node_modules/next/dist/server/load-components.js:103:84
    at async loadComponentsImpl (/Users/raos/Custom Code/personal-finance-platform/frontend/node_modules/next/dist/server/load-components.js:103:26)
    at async DevServer.findPageComponentsImpl (/Users/raos/Custom Code/personal-finance-platform/frontend/node_modules/next/dist/server/next-server.js:714:36)
    at async DevServer.findPageComponents (/Users/raos/Custom Code/personal-finance-platform/frontend/node_modules/next/dist/server/dev/next-dev-server.js:577:20)
    at async DevServer.renderPageComponent (/Users/raos/Custom Code/personal-finance-platform/frontend/node_modules/next/dist/server/base-server.js:1910:24)
    at async DevServer.renderToResponseImpl (/Users/raos/Custom Code/personal-finance-platform/frontend/node_modules/next/dist/server/base-server.js:1962:32)
    at async DevServer.pipeImpl (/Users/raos/Custom Code/personal-finance-platform/frontend/node_modules/next/dist/server/base-server.js:922:25)
    at async NextNodeServer.handleCatchallRenderRequest (/Users/raos/Custom Code/personal-finance-platform/frontend/node_modules/next/dist/server/next-server.js:272:17)
    at async DevServer.handleRequestImpl (/Users/raos/Custom Code/personal-finance-platform/frontend/node_modules/next/dist/server/base-server.js:818:17)
    at async /Users/raos/Custom Code/personal-finance-platform/frontend/node_modules/next/dist/server/dev/next-dev-server.js:339:20
    at async Span.traceAsyncFn (/Users/raos/Custom Code/personal-finance-platform/frontend/node_modules/next/dist/trace/trace.js:154:20)
    at async DevServer.handleRequest (/Users/raos/Custom Code/personal-finance-platform/frontend/node_modules/next/dist/server/dev/next-dev-server.js:336:24)
    at async invokeRender (/Users/raos/Custom Code/personal-finance-platform/frontend/node_modules/next/dist/server/lib/router-server.js:179:21)
    at async handleRequest (/Users/raos/Custom Code/personal-finance-platform/frontend/node_modules/next/dist/server/lib/router-server.js:359:24)
    at async requestHandlerImpl (/Users/raos/Custom Code/personal-finance-platform/frontend/node_modules/next/dist/server/lib/router-server.js:383:13)
    at async Server.requestListener (/Users/raos/Custom Code/personal-finance-platform/frontend/node_modules/next/dist/server/lib/start-server.js:141:13) {
  code: 'MODULE_NOT_FOUND',
  requireStack: [
    '/Users/raos/Custom Code/personal-finance-platform/frontend/.next/server/webpack-runtime.js',
    '/Users/raos/Custom Code/personal-finance-platform/frontend/.next/server/app/_not-found/page.js',
    '/Users/raos/Custom Code/personal-finance-platform/frontend/node_modules/next/dist/server/require.js',
    '/Users/raos/Custom Code/personal-finance-platform/frontend/node_modules/next/dist/server/load-components.js',
    '/Users/raos/Custom Code/personal-finance-platform/frontend/node_modules/next/dist/build/utils.js',
    '/Users/raos/Custom Code/personal-finance-platform/frontend/node_modules/next/dist/server/dev/hot-middleware.js',
    '/Users/raos/Custom Code/personal-finance-platform/frontend/node_modules/next/dist/server/dev/hot-reloader-webpack.js',
    '/Users/raos/Custom Code/personal-finance-platform/frontend/node_modules/next/dist/server/lib/router-utils/setup-dev-bundler.js',
    '/Users/raos/Custom Code/personal-finance-platform/frontend/node_modules/next/dist/server/lib/router-server.js',
    '/Users/raos/Custom Code/personal-finance-platform/frontend/node_modules/next/dist/server/lib/start-server.js'
  ],
  page: '/dashboard'
}
 ⨯ Error: Cannot find module './682.js'
Require stack:
- /Users/raos/Custom Code/personal-finance-platform/frontend/.next/server/webpack-runtime.js
- /Users/raos/Custom Code/personal-finance-platform/frontend/.next/server/app/_not-found/page.js
- /Users/raos/Custom Code/personal-finance-platform/frontend/node_modules/next/dist/server/require.js
- /Users/raos/Custom Code/personal-finance-platform/frontend/node_modules/next/dist/server/load-components.js
- /Users/raos/Custom Code/personal-finance-platform/frontend/node_modules/next/dist/build/utils.js
- /Users/raos/Custom Code/personal-finance-platform/frontend/node_modules/next/dist/server/dev/hot-middleware.js
- /Users/raos/Custom Code/personal-finance-platform/frontend/node_modules/next/dist/server/dev/hot-reloader-webpack.js
- /Users/raos/Custom Code/personal-finance-platform/frontend/node_modules/next/dist/server/lib/router-utils/setup-dev-bundler.js
- /Users/raos/Custom Code/personal-finance-platform/frontend/node_modules/next/dist/server/lib/router-server.js
- /Users/raos/Custom Code/personal-finance-platform/frontend/node_modules/next/dist/server/lib/start-server.js
    at Module._resolveFilename (node:internal/modules/cjs/loader:1475:15)
    at /Users/raos/Custom Code/personal-finance-platform/frontend/node_modules/next/dist/server/require-hook.js:55:36
    at wrapResolveFilename (node:internal/modules/cjs/loader:1048:27)
    at defaultResolveImplForCJSLoading (node:internal/modules/cjs/loader:1072:10)
    at resolveForCJSWithHooks (node:internal/modules/cjs/loader:1093:12)
    at Module._load (node:internal/modules/cjs/loader:1261:25)
    at wrapModuleLoad (node:internal/modules/cjs/loader:255:19)
    at Module.require (node:internal/modules/cjs/loader:1575:12)
    at mod.require (/Users/raos/Custom Code/personal-finance-platform/frontend/node_modules/next/dist/server/require-hook.js:65:28)
    at require (node:internal/modules/helpers:191:16)
    at __webpack_require__.f.require (/Users/raos/Custom Code/personal-finance-platform/frontend/.next/server/webpack-runtime.js:198:28)
    at /Users/raos/Custom Code/personal-finance-platform/frontend/.next/server/webpack-runtime.js:111:40
    at Array.reduce (<anonymous>)
    at __webpack_require__.e (/Users/raos/Custom Code/personal-finance-platform/frontend/.next/server/webpack-runtime.js:110:67)
    at Array.map (<anonymous>)
    at __webpack_require__.X (/Users/raos/Custom Code/personal-finance-platform/frontend/.next/server/webpack-runtime.js:162:22)
    at /Users/raos/Custom Code/personal-finance-platform/frontend/.next/server/pages/_document.js:1:335
    at Object.<anonymous> (/Users/raos/Custom Code/personal-finance-platform/frontend/.next/server/pages/_document.js:1:376)
    at Module._compile (node:internal/modules/cjs/loader:1829:14)
    at Module._extensions..js (node:internal/modules/cjs/loader:1969:10)
    at Module.load (node:internal/modules/cjs/loader:1552:32)
    at Module._load (node:internal/modules/cjs/loader:1354:12)
    at wrapModuleLoad (node:internal/modules/cjs/loader:255:19)
    at Module.require (node:internal/modules/cjs/loader:1575:12)
    at mod.require (/Users/raos/Custom Code/personal-finance-platform/frontend/node_modules/next/dist/server/require-hook.js:65:28)
    at require (node:internal/modules/helpers:191:16)
    at requirePage (/Users/raos/Custom Code/personal-finance-platform/frontend/node_modules/next/dist/server/require.js:109:84)
    at /Users/raos/Custom Code/personal-finance-platform/frontend/node_modules/next/dist/server/load-components.js:72:65
    at async Promise.all (index 0)
    at async loadComponentsImpl (/Users/raos/Custom Code/personal-finance-platform/frontend/node_modules/next/dist/server/load-components.js:71:33)
    at async DevServer.findPageComponentsImpl (/Users/raos/Custom Code/personal-finance-platform/frontend/node_modules/next/dist/server/next-server.js:714:36) {
  code: 'MODULE_NOT_FOUND',
  requireStack: [
    '/Users/raos/Custom Code/personal-finance-platform/frontend/.next/server/webpack-runtime.js',
    '/Users/raos/Custom Code/personal-finance-platform/frontend/.next/server/app/_not-found/page.js',
    '/Users/raos/Custom Code/personal-finance-platform/frontend/node_modules/next/dist/server/require.js',
    '/Users/raos/Custom Code/personal-finance-platform/frontend/node_modules/next/dist/server/load-components.js',
    '/Users/raos/Custom Code/personal-finance-platform/frontend/node_modules/next/dist/build/utils.js',
    '/Users/raos/Custom Code/personal-finance-platform/frontend/node_modules/next/dist/server/dev/hot-middleware.js',
    '/Users/raos/Custom Code/personal-finance-platform/frontend/node_modules/next/dist/server/dev/hot-reloader-webpack.js',
    '/Users/raos/Custom Code/personal-finance-platform/frontend/node_modules/next/dist/server/lib/router-utils/setup-dev-bundler.js',
    '/Users/raos/Custom Code/personal-finance-platform/frontend/node_modules/next/dist/server/lib/router-server.js',
    '/Users/raos/Custom Code/personal-finance-platform/frontend/node_modules/next/dist/server/lib/start-server.js'
  ]
}
 GET /dashboard/ 500 in 1235ms
<w> [webpack.cache.PackFileCacheStrategy] Caching failed for pack: Error: ENOENT: no such file or directory, lstat '/Users/raos/Custom Code/personal-finance-platform/frontend/.next/server/vendor-chunks'
<w> [webpack.cache.PackFileCacheStrategy/webpack.FileSystemInfo] Resolving './vendor-chunks/es-object-atoms' in /Users/raos/Custom Code/personal-finance-platform/frontend/.next/server for build dependencies doesn't lead to expected result '/Users/raos/Custom Code/personal-finance-platform/frontend/.next/server/vendor-chunks/es-object-atoms.js', but to 'Error: Can't resolve './vendor-chunks/es-object-atoms' in '/Users/raos/Custom Code/personal-finance-platform/frontend/.next/server'' instead. Resolving dependencies are ignored for this path.
<w>  at resolve commonjs file ./vendor-chunks/es-object-atoms (expected /Users/raos/Custom Code/personal-finance-platform/frontend/.next/server/vendor-chunks/es-object-atoms.js)
<w>  at file dependencies /Users/raos/Custom Code/personal-finance-platform/frontend/.next/server/webpack-runtime.js
<w>  at file /Users/raos/Custom Code/personal-finance-platform/frontend/.next/server/webpack-runtime.js
<w>  at file dependencies /Users/raos/Custom Code/personal-finance-platform/frontend/.next/server/app/_not-found/page.js
<w>  at file /Users/raos/Custom Code/personal-finance-platform/frontend/.next/server/app/_not-found/page.js
<w>  at file dependencies /Users/raos/Custom Code/personal-finance-platform/frontend/node_modules/next/dist/server/require.js
<w>  at file /Users/raos/Custom Code/personal-finance-platform/frontend/node_modules/next/dist/server/require.js
<w>  at file dependencies /Users/raos/Custom Code/personal-finance-platform/frontend/node_modules/next/dist/server/load-components.js
<w>  at file /Users/raos/Custom Code/personal-finance-platform/frontend/node_modules/next/dist/server/load-components.js
<w>  at file dependencies /Users/raos/Custom Code/personal-finance-platform/frontend/node_modules/next/dist/build/utils.js
<w>  at file /Users/raos/Custom Code/personal-finance-platform/frontend/node_modules/next/dist/build/utils.js
<w>  at file dependencies /Users/raos/Custom Code/personal-finance-platform/frontend/node_modules/next/dist/build/handle-externals.js
<w>  at file /Users/raos/Custom Code/personal-finance-platform/frontend/node_modules/next/dist/build/handle-externals.js
<w>  at file dependencies /Users/raos/Custom Code/personal-finance-platform/frontend/node_modules/next/dist/build/webpack/loaders/next-swc-loader.js
<w>  at file /Users/raos/Custom Code/personal-finance-platform/frontend/node_modules/next/dist/build/webpack/loaders/next-swc-loader.js
<w>  at resolve commonjs /Users/raos/Custom Code/personal-finance-platform/frontend/node_modules/next/dist/build/webpack/loaders/next-swc-loader.js
<w> [webpack.cache.PackFileCacheStrategy/webpack.FileSystemInfo] Resolving './vendor-chunks/has-tostringtag' in /Users/raos/Custom Code/personal-finance-platform/frontend/.next/server for build dependencies doesn't lead to expected result '/Users/raos/Custom Code/personal-finance-platform/frontend/.next/server/vendor-chunks/has-tostringtag.js', but to 'Error: Can't resolve './vendor-chunks/has-tostringtag' in '/Users/raos/Custom Code/personal-finance-platform/frontend/.next/server'' instead. Resolving dependencies are ignored for this path.
<w>  at resolve commonjs file ./vendor-chunks/has-tostringtag (expected /Users/raos/Custom Code/personal-finance-platform/frontend/.next/server/vendor-chunks/has-tostringtag.js)
<w>  at file dependencies /Users/raos/Custom Code/personal-finance-platform/frontend/.next/server/webpack-runtime.js
<w>  at file /Users/raos/Custom Code/personal-finance-platform/frontend/.next/server/webpack-runtime.js
<w>  at file dependencies /Users/raos/Custom Code/personal-finance-platform/frontend/.next/server/app/_not-found/page.js
<w>  at file /Users/raos/Custom Code/personal-finance-platform/frontend/.next/server/app/_not-found/page.js
<w>  at file dependencies /Users/raos/Custom Code/personal-finance-platform/frontend/node_modules/next/dist/server/require.js
<w>  at file /Users/raos/Custom Code/personal-finance-platform/frontend/node_modules/next/dist/server/require.js
<w>  at file dependencies /Users/raos/Custom Code/personal-finance-platform/frontend/node_modules/next/dist/server/load-components.js
<w>  at file /Users/raos/Custom Code/personal-finance-platform/frontend/node_modules/next/dist/server/load-components.js
<w>  at file dependencies /Users/raos/Custom Code/personal-finance-platform/frontend/node_modules/next/dist/build/utils.js
<w>  at file /Users/raos/Custom Code/personal-finance-platform/frontend/node_modules/next/dist/build/utils.js
<w>  at file dependencies /Users/raos/Custom Code/personal-finance-platform/frontend/node_modules/next/dist/build/handle-externals.js
<w>  at file /Users/raos/Custom Code/personal-finance-platform/frontend/node_modules/next/dist/build/handle-externals.js
<w>  at file dependencies /Users/raos/Custom Code/personal-finance-platform/frontend/node_modules/next/dist/build/webpack/loaders/next-swc-loader.js
<w>  at file /Users/raos/Custom Code/personal-finance-platform/frontend/node_modules/next/dist/build/webpack/loaders/next-swc-loader.js
<w>  at resolve commonjs /Users/raos/Custom Code/personal-finance-platform/frontend/node_modules/next/dist/build/webpack/loaders/next-swc-loader.js
<w> [webpack.cache.PackFileCacheStrategy/webpack.FileSystemInfo] Resolving './vendor-chunks/hasown' in /Users/raos/Custom Code/personal-finance-platform/frontend/.next/server for build dependencies doesn't lead to expected result '/Users/raos/Custom Code/personal-finance-platform/frontend/.next/server/vendor-chunks/hasown.js', but to 'Error: Can't resolve './vendor-chunks/hasown' in '/Users/raos/Custom Code/personal-finance-platform/frontend/.next/server'' instead. Resolving dependencies are ignored for this path.
<w>  at resolve commonjs file ./vendor-chunks/hasown (expected /Users/raos/Custom Code/personal-finance-platform/frontend/.next/server/vendor-chunks/hasown.js)
<w>  at file dependencies /Users/raos/Custom Code/personal-finance-platform/frontend/.next/server/webpack-runtime.js
<w>  at file /Users/raos/Custom Code/personal-finance-platform/frontend/.next/server/webpack-runtime.js
<w>  at file dependencies /Users/raos/Custom Code/personal-finance-platform/frontend/.next/server/app/_not-found/page.js
<w>  at file /Users/raos/Custom Code/personal-finance-platform/frontend/.next/server/app/_not-found/page.js
<w>  at file dependencies /Users/raos/Custom Code/personal-finance-platform/frontend/node_modules/next/dist/server/require.js
<w>  at file /Users/raos/Custom Code/personal-finance-platform/frontend/node_modules/next/dist/server/require.js
<w>  at file dependencies /Users/raos/Custom Code/personal-finance-platform/frontend/node_modules/next/dist/server/load-components.js
<w>  at file /Users/raos/Custom Code/personal-finance-platform/frontend/node_modules/next/dist/server/load-components.js
<w>  at file dependencies /Users/raos/Custom Code/personal-finance-platform/frontend/node_modules/next/dist/build/utils.js
<w>  at file /Users/raos/Custom Code/personal-finance-platform/frontend/node_modules/next/dist/build/utils.js
<w>  at file dependencies /Users/raos/Custom Code/personal-finance-platform/frontend/node_modules/next/dist/build/handle-externals.js
<w>  at file /Users/raos/Custom Code/personal-finance-platform/frontend/node_modules/next/dist/build/handle-externals.js
<w>  at file dependencies /Users/raos/Custom Code/personal-finance-platform/frontend/node_modules/next/dist/build/webpack/loaders/next-swc-loader.js
<w>  at file /Users/raos/Custom Code/personal-finance-platform/frontend/node_modules/next/dist/build/webpack/loaders/next-swc-loader.js
<w>  at resolve commonjs /Users/raos/Custom Code/personal-finance-platform/frontend/node_modules/next/dist/build/webpack/loaders/next-swc-loader.js

> personal-finance-platform@0.1.0 dev
> next dev

  ▲ Next.js 14.2.35
  - Local:        http://localhost:3000

 ✓ Starting...
 ✓ Ready in 1064ms
 ○ Compiling / ...
 ✓ Compiled / in 1339ms (667 modules)
 GET / 200 in 1416ms
 ✓ Compiled in 62ms (297 modules)
 GET / 200 in 16ms
 ⚠ Fast Refresh had to perform a full reload. Read more: https://nextjs.org/docs/messages/fast-refresh-reload
 ○ Compiling /login ...
 ✓ Compiled /login in 524ms (659 modules)
 GET /_next/static/chunks/app/dashboard/page.js 404 in 550ms
 GET / 200 in 117ms
 ○ Compiling /dashboard ...
 ✓ Compiled /dashboard in 755ms (1757 modules)
 ⚠ Fast Refresh had to perform a full reload. Read more: https://nextjs.org/docs/messages/fast-refresh-reload
 ✓ Compiled in 322ms (1746 modules)
 GET /dashboard/ 200 in 238ms
 ✓ Compiled /login in 118ms (914 modules)
 GET /login/ 200 in 145ms
 ✓ Compiled in 145ms (1750 modules)
 ⚠ Fast Refresh had to perform a full reload. Read more: https://nextjs.org/docs/messages/fast-refresh-reload
 GET /login/ 200 in 18ms
 ✓ Compiled in 107ms (850 modules)
 ✓ Compiled in 293ms (1764 modules)
 ✓ Compiled in 172ms (1764 modules)
 ✓ Compiled in 251ms (1766 modules)
 ✓ Compiled /documents in 271ms (1758 modules)
 ✓ Compiled in 237ms (1772 modules)
 ✓ Compiled in 189ms (1772 modules)
 ✓ Compiled in 137ms (1772 modules)
 ✓ Compiled in 170ms (1772 modules)
 ✓ Compiled in 215ms (1772 modules)
 ✓ Compiled in 148ms (1772 modules)
 GET /dashboard/ 200 in 107ms
 GET /login/ 200 in 9ms
 ✓ Compiled in 368ms (1758 modules)
 ⚠ Fast Refresh had to perform a full reload. Read more: https://nextjs.org/docs/messages/fast-refresh-reload
 GET /dashboard/ 200 in 93ms
 GET /login/ 200 in 11ms
 ✓ Compiled in 164ms (1758 modules)
 ⚠ Fast Refresh had to perform a full reload. Read more: https://nextjs.org/docs/messages/fast-refresh-reload
 GET /login/ 200 in 22ms
 ✓ Compiled in 100ms (853 modules)
 ✓ Compiled in 160ms (1772 modules)
 ✓ Compiled in 296ms (1774 modules)
 ✓ Compiled in 207ms (1774 modules)
 ✓ Compiled in 168ms (1774 modules)
 ✓ Compiled in 273ms (1760 modules)
 ⚠ Fast Refresh had to perform a full reload. Read more: https://nextjs.org/docs/messages/fast-refresh-reload
 GET /dashboard/ 200 in 108ms
 GET /login/ 200 in 13ms
 ✓ Compiled in 170ms (1760 modules)
 ⚠ Fast Refresh had to perform a full reload. Read more: https://nextjs.org/docs/messages/fast-refresh-reload
 GET /login/ 200 in 23ms
 ✓ Compiled in 77ms (854 modules)
 ✓ Compiled in 334ms (1774 modules)
 ✓ Compiled in 185ms (1774 modules)
 ✓ Compiled in 214ms (1776 modules)
 ✓ Compiled in 190ms (1776 modules)
 ✓ Compiled in 161ms (1776 modules)
 ✓ Compiled in 166ms (1776 modules)
 ✓ Compiled in 182ms (1776 modules)
 ✓ Compiled in 191ms (1776 modules)
 ✓ Compiled in 143ms (855 modules)
 ✓ Compiled in 266ms (1776 modules)
 ✓ Compiled in 105ms (855 modules)
 ✓ Compiled in 603ms (1835 modules)
 ✓ Compiled in 214ms (1826 modules)
 ✓ Compiled in 251ms (1826 modules)
 ✓ Compiled in 100ms (879 modules)
 ✓ Compiled in 221ms (1826 modules)
 ✓ Compiled in 142ms (1826 modules)
 ✓ Compiled in 128ms (1826 modules)
 ✓ Compiled in 150ms (1826 modules)
 ✓ Compiled in 168ms (1826 modules)
 ⨯ Error: Cannot find module './308.js'
Require stack:
- /Users/raos/Custom Code/personal-finance-platform/frontend/.next/server/webpack-runtime.js
- /Users/raos/Custom Code/personal-finance-platform/frontend/.next/server/app/dashboard/page.js
- /Users/raos/Custom Code/personal-finance-platform/frontend/node_modules/next/dist/server/require.js
- /Users/raos/Custom Code/personal-finance-platform/frontend/node_modules/next/dist/server/load-components.js
- /Users/raos/Custom Code/personal-finance-platform/frontend/node_modules/next/dist/build/utils.js
- /Users/raos/Custom Code/personal-finance-platform/frontend/node_modules/next/dist/server/dev/hot-middleware.js
- /Users/raos/Custom Code/personal-finance-platform/frontend/node_modules/next/dist/server/dev/hot-reloader-webpack.js
- /Users/raos/Custom Code/personal-finance-platform/frontend/node_modules/next/dist/server/lib/router-utils/setup-dev-bundler.js
- /Users/raos/Custom Code/personal-finance-platform/frontend/node_modules/next/dist/server/lib/router-server.js
- /Users/raos/Custom Code/personal-finance-platform/frontend/node_modules/next/dist/server/lib/start-server.js
    at Module._resolveFilename (node:internal/modules/cjs/loader:1475:15)
    at /Users/raos/Custom Code/personal-finance-platform/frontend/node_modules/next/dist/server/require-hook.js:55:36
    at wrapResolveFilename (node:internal/modules/cjs/loader:1048:27)
    at defaultResolveImplForCJSLoading (node:internal/modules/cjs/loader:1072:10)
    at resolveForCJSWithHooks (node:internal/modules/cjs/loader:1093:12)
    at Module._load (node:internal/modules/cjs/loader:1261:25)
    at wrapModuleLoad (node:internal/modules/cjs/loader:255:19)
    at Module.require (node:internal/modules/cjs/loader:1575:12)
    at mod.require (/Users/raos/Custom Code/personal-finance-platform/frontend/node_modules/next/dist/server/require-hook.js:65:28)
    at require (node:internal/modules/helpers:191:16)
    at __webpack_require__.f.require (/Users/raos/Custom Code/personal-finance-platform/frontend/.next/server/webpack-runtime.js:198:28)
    at /Users/raos/Custom Code/personal-finance-platform/frontend/.next/server/webpack-runtime.js:111:40
    at Array.reduce (<anonymous>)
    at __webpack_require__.e (/Users/raos/Custom Code/personal-finance-platform/frontend/.next/server/webpack-runtime.js:110:67)
    at Array.map (<anonymous>)
    at __webpack_require__.X (/Users/raos/Custom Code/personal-finance-platform/frontend/.next/server/webpack-runtime.js:162:22)
    at /Users/raos/Custom Code/personal-finance-platform/frontend/.next/server/app/login/page.js:1:8243
    at Object.<anonymous> (/Users/raos/Custom Code/personal-finance-platform/frontend/.next/server/app/login/page.js:1:8293)
    at Module._compile (node:internal/modules/cjs/loader:1829:14)
    at Module._extensions..js (node:internal/modules/cjs/loader:1969:10)
    at Module.load (node:internal/modules/cjs/loader:1552:32)
    at Module._load (node:internal/modules/cjs/loader:1354:12)
    at wrapModuleLoad (node:internal/modules/cjs/loader:255:19)
    at Module.require (node:internal/modules/cjs/loader:1575:12)
    at mod.require (/Users/raos/Custom Code/personal-finance-platform/frontend/node_modules/next/dist/server/require-hook.js:65:28)
    at require (node:internal/modules/helpers:191:16)
    at requirePage (/Users/raos/Custom Code/personal-finance-platform/frontend/node_modules/next/dist/server/require.js:109:84)
    at /Users/raos/Custom Code/personal-finance-platform/frontend/node_modules/next/dist/server/load-components.js:103:84
    at async loadComponentsImpl (/Users/raos/Custom Code/personal-finance-platform/frontend/node_modules/next/dist/server/load-components.js:103:26)
    at async DevServer.findPageComponentsImpl (/Users/raos/Custom Code/personal-finance-platform/frontend/node_modules/next/dist/server/next-server.js:714:36)
    at async DevServer.findPageComponents (/Users/raos/Custom Code/personal-finance-platform/frontend/node_modules/next/dist/server/dev/next-dev-server.js:577:20)
    at async DevServer.renderPageComponent (/Users/raos/Custom Code/personal-finance-platform/frontend/node_modules/next/dist/server/base-server.js:1910:24)
    at async DevServer.renderToResponseImpl (/Users/raos/Custom Code/personal-finance-platform/frontend/node_modules/next/dist/server/base-server.js:1962:32)
    at async DevServer.pipeImpl (/Users/raos/Custom Code/personal-finance-platform/frontend/node_modules/next/dist/server/base-server.js:922:25)
    at async NextNodeServer.handleCatchallRenderRequest (/Users/raos/Custom Code/personal-finance-platform/frontend/node_modules/next/dist/server/next-server.js:272:17)
    at async DevServer.handleRequestImpl (/Users/raos/Custom Code/personal-finance-platform/frontend/node_modules/next/dist/server/base-server.js:818:17)
    at async /Users/raos/Custom Code/personal-finance-platform/frontend/node_modules/next/dist/server/dev/next-dev-server.js:339:20
    at async Span.traceAsyncFn (/Users/raos/Custom Code/personal-finance-platform/frontend/node_modules/next/dist/trace/trace.js:154:20)
    at async DevServer.handleRequest (/Users/raos/Custom Code/personal-finance-platform/frontend/node_modules/next/dist/server/dev/next-dev-server.js:336:24)
    at async invokeRender (/Users/raos/Custom Code/personal-finance-platform/frontend/node_modules/next/dist/server/lib/router-server.js:179:21)
    at async handleRequest (/Users/raos/Custom Code/personal-finance-platform/frontend/node_modules/next/dist/server/lib/router-server.js:359:24)
    at async requestHandlerImpl (/Users/raos/Custom Code/personal-finance-platform/frontend/node_modules/next/dist/server/lib/router-server.js:383:13)
    at async Server.requestListener (/Users/raos/Custom Code/personal-finance-platform/frontend/node_modules/next/dist/server/lib/start-server.js:141:13) {
  code: 'MODULE_NOT_FOUND',
  requireStack: [
    '/Users/raos/Custom Code/personal-finance-platform/frontend/.next/server/webpack-runtime.js',
    '/Users/raos/Custom Code/personal-finance-platform/frontend/.next/server/app/dashboard/page.js',
    '/Users/raos/Custom Code/personal-finance-platform/frontend/node_modules/next/dist/server/require.js',
    '/Users/raos/Custom Code/personal-finance-platform/frontend/node_modules/next/dist/server/load-components.js',
    '/Users/raos/Custom Code/personal-finance-platform/frontend/node_modules/next/dist/build/utils.js',
    '/Users/raos/Custom Code/personal-finance-platform/frontend/node_modules/next/dist/server/dev/hot-middleware.js',
    '/Users/raos/Custom Code/personal-finance-platform/frontend/node_modules/next/dist/server/dev/hot-reloader-webpack.js',
    '/Users/raos/Custom Code/personal-finance-platform/frontend/node_modules/next/dist/server/lib/router-utils/setup-dev-bundler.js',
    '/Users/raos/Custom Code/personal-finance-platform/frontend/node_modules/next/dist/server/lib/router-server.js',
    '/Users/raos/Custom Code/personal-finance-platform/frontend/node_modules/next/dist/server/lib/start-server.js'
  ],
  page: '/login'
}
 ⚠ Fast Refresh had to perform a full reload. Read more: https://nextjs.org/docs/messages/fast-refresh-reload
 GET /login/ 500 in 475ms
 ○ Compiling /_error ...
 ✓ Compiled /_error in 574ms (2038 modules)
 GET /documents/ 200 in 244ms
 ✓ Compiled /_not-found in 254ms (2041 modules)
 GET /_next/static/chunks/main-app.js?v=1778442977138 404 in 278ms
 GET /_next/static/chunks/app-pages-internals.js 404 in 277ms
 GET /_next/static/css/app/layout.css?v=1778442977138 404 in 282ms
 GET /_next/static/chunks/app/documents/page.js 404 in 278ms
 GET /_next/static/chunks/app/layout.js 404 in 278ms
 GET /documents/ 200 in 39ms
 GET /_next/static/css/app/layout.css?v=1778442982581 404 in 27ms
 GET /_next/static/chunks/main-app.js?v=1778442982581 404 in 26ms
 GET /_next/static/chunks/app-pages-internals.js 404 in 28ms
 GET /_next/static/chunks/app/documents/page.js 404 in 26ms
 GET /_next/static/chunks/app/layout.js 404 in 26ms
 ✓ Compiled / in 144ms (992 modules)
 GET / 200 in 174ms
 GET /_next/static/chunks/app-pages-internals.js 404 in 10ms
 GET /_next/static/css/app/layout.css?v=1778442995422 404 in 13ms
 GET /_next/static/chunks/main-app.js?v=1778442995422 404 in 14ms
 GET /_next/static/chunks/app/layout.js 404 in 15ms
 GET /_next/static/chunks/app/page.js 404 in 15ms

> personal-finance-platform@0.1.0 dev
> next dev

  ▲ Next.js 14.2.35
  - Local:        http://localhost:3000

 ✓ Starting...
 ✓ Ready in 1010ms
 ○ Compiling / ...
 ✓ Compiled / in 1342ms (717 modules)
 GET / 200 in 1421ms
 ✓ Compiled in 59ms (321 modules)
 GET / 200 in 18ms
 ✓ Compiled /login in 311ms (712 modules)
 ⚠ Fast Refresh had to perform a full reload. Read more: https://nextjs.org/docs/messages/fast-refresh-reload
 GET /login/ 200 in 299ms
 GET / 200 in 17ms
 ○ Compiling /dashboard ...
 ✓ Compiled /dashboard in 749ms (1808 modules)
 ✓ Compiled /documents in 188ms (1816 modules)
